SottoTitolo2,StottoTitolo3
Periodo riferimento: 2024,Macro categoria: coltivazioni - Categoria: olii e grassi vegetali - Gruppo: olii di oliva di pressione - Prodotto: olio dop - Varieta': tutti

Prodotto,Textbox61,Mese,SettimanaPerMese,PrezzoMedioPerUdM13,Textbox287,Varieta,UdMKey5,PrezzoMedioPerUdM11,Textbox292,Piazza__Comune,UdMKey6,PrezzoMedioPerUdM15,Textbox295,Varieta1,UdMKey7,PrezzoMedioPerUdM14,Textbox294,Varieta2,UdMKey8,PrezzoMedioPerUdM12,Textbox293
Olio Dop,,gen,I,,,Aprutino Pescarese,€/kg,"11,00","11,21",PESCARA,€/kg,"11,00","11,21",,,,,,,,
Olio Dop,,gen,II,,,Aprutino Pescarese,€/kg,"11,00","11,21",PESCARA,€/kg,"11,00","11,21",,,,,,,,
Olio Dop,,gen,III,,,Aprutino Pescarese,€/kg,"11,00","11,21",PESCARA,€/kg,"11,00","11,21",,,,,,,,
Olio Dop,,gen,IV,,,Aprutino Pescarese,€/kg,"11,00","11,21",PESCARA,€/kg,"11,00","11,21",,,,,,,,
Olio Dop,,feb,I,,,Aprutino Pescarese,€/kg,"11,00","11,21",PESCARA,€/kg,"11,00","11,21",,,,,,,,
Olio Dop,,feb,II,,,Aprutino Pescarese,€/kg,"11,00","11,21",PESCARA,€/kg,"11,00","11,21",,,,,,,,
Olio Dop,,feb,III,,,Aprutino Pescarese,€/kg,"11,00","11,21",PESCARA,€/kg,"11,00","11,21",,,,,,,,
Olio Dop,,feb,IV,,,Aprutino Pescarese,€/kg,"11,00","11,21",PESCARA,€/kg,"11,00","11,21",,,,,,,,
Olio Dop,,feb,V,,,Aprutino Pescarese,€/kg,"11,00","11,21",PESCARA,€/kg,"11,00","11,21",,,,,,,,
Olio Dop,,mar,I,,,Aprutino Pescarese,€/kg,"11,00","11,21",PESCARA,€/kg,"11,00","11,21",,,,,,,,
Olio Dop,,mar,II,,,Aprutino Pescarese,€/kg,"11,00","11,21",PESCARA,€/kg,"11,00","11,21",,,,,,,,
Olio Dop,,mar,III,,,Aprutino Pescarese,€/kg,"11,00","11,21",PESCARA,€/kg,"11,00","11,21",,,,,,,,
Olio Dop,,mar,IV,,,Aprutino Pescarese,€/kg,"11,00","11,21",PESCARA,€/kg,"11,00","11,21",,,,,,,,
Olio Dop,,apr,I,,,Aprutino Pescarese,€/kg,"11,00","11,21",PESCARA,€/kg,"11,00","11,21",,,,,,,,
Olio Dop,,apr,II,,,Aprutino Pescarese,€/kg,"11,00","11,21",PESCARA,€/kg,"11,00","11,21",,,,,,,,
Olio Dop,,apr,III,,,Aprutino Pescarese,€/kg,"11,00","11,21",PESCARA,€/kg,"11,00","11,21",,,,,,,,
Olio Dop,,apr,IV,,,Aprutino Pescarese,€/kg,"11,00","11,21",PESCARA,€/kg,"11,00","11,21",,,,,,,,
Olio Dop,,mag,I,,,Aprutino Pescarese,€/kg,"11,00","11,21",PESCARA,€/kg,"11,00","11,21",,,,,,,,
Olio Dop,,mag,II,,,Aprutino Pescarese,€/kg,"11,00","11,21",PESCARA,€/kg,"11,00","11,21",,,,,,,,
Olio Dop,,mag,III,,,Aprutino Pescarese,€/kg,"11,00","11,21",PESCARA,€/kg,"11,00","11,21",,,,,,,,
Olio Dop,,mag,IV,,,Aprutino Pescarese,€/kg,"11,00","11,21",PESCARA,€/kg,"11,00","11,21",,,,,,,,
Olio Dop,,mag,V,,,Aprutino Pescarese,€/kg,"11,00","11,21",PESCARA,€/kg,"11,00","11,21",,,,,,,,
Olio Dop,,giu,I,,,Aprutino Pescarese,€/kg,"11,00","11,21",PESCARA,€/kg,"11,00","11,21",,,,,,,,
Olio Dop,,giu,II,,,Aprutino Pescarese,€/kg,"11,00","11,21",PESCARA,€/kg,"11,00","11,21",,,,,,,,
Olio Dop,,giu,III,,,Aprutino Pescarese,€/kg,"11,00","11,21",PESCARA,€/kg,"11,00","11,21",,,,,,,,
Olio Dop,,giu,IV,,,Aprutino Pescarese,€/kg,"11,00","11,21",PESCARA,€/kg,"11,00","11,21",,,,,,,,
Olio Dop,,lug,I,,,Aprutino Pescarese,€/kg,"11,00","11,21",PESCARA,€/kg,"11,00","11,21",,,,,,,,
Olio Dop,,lug,II,,,Aprutino Pescarese,€/kg,"11,00","11,21",PESCARA,€/kg,"11,00","11,21",,,,,,,,
Olio Dop,,lug,III,,,Aprutino Pescarese,€/kg,"11,00","11,21",PESCARA,€/kg,"11,00","11,21",,,,,,,,
Olio Dop,,lug,IV,,,Aprutino Pescarese,€/kg,"11,00","11,21",PESCARA,€/kg,"11,00","11,21",,,,,,,,
Olio Dop,,ago,I,,,Aprutino Pescarese,€/kg,"11,00","11,21",PESCARA,€/kg,"11,00","11,21",,,,,,,,
Olio Dop,,ago,II,,,Aprutino Pescarese,€/kg,"11,00","11,21",PESCARA,€/kg,"11,00","11,21",,,,,,,,
Olio Dop,,ago,III,,,Aprutino Pescarese,€/kg,"11,00","11,21",PESCARA,€/kg,"11,00","11,21",,,,,,,,
Olio Dop,,ago,IV,,,Aprutino Pescarese,€/kg,"11,00","11,21",PESCARA,€/kg,"11,00","11,21",,,,,,,,
Olio Dop,,ago,V,,,Aprutino Pescarese,€/kg,"11,00","11,21",PESCARA,€/kg,"11,00","11,21",,,,,,,,
Olio Dop,,set,I,,,Aprutino Pescarese,€/kg,"11,00","11,21",PESCARA,€/kg,"11,00","11,21",,,,,,,,
Olio Dop,,set,II,,,Aprutino Pescarese,€/kg,"11,00","11,21",PESCARA,€/kg,"11,00","11,21",,,,,,,,
Olio Dop,,set,III,,,Aprutino Pescarese,€/kg,"11,00","11,21",PESCARA,€/kg,"11,00","11,21",,,,,,,,
Olio Dop,,set,IV,,,Aprutino Pescarese,€/kg,"11,00","11,21",PESCARA,€/kg,"11,00","11,21",,,,,,,,
Olio Dop,,ott,I,,,Aprutino Pescarese,€/kg,"11,00","11,21",PESCARA,€/kg,"11,00","11,21",,,,,,,,
Olio Dop,,ott,II,,,Aprutino Pescarese,€/kg,"11,00","11,21",PESCARA,€/kg,"11,00","11,21",,,,,,,,
Olio Dop,,ott,III,,,Aprutino Pescarese,€/kg,"11,00","11,21",PESCARA,€/kg,"11,00","11,21",,,,,,,,
Olio Dop,,ott,IV,,,Aprutino Pescarese,€/kg,"13,00","11,21",PESCARA,€/kg,"13,00","11,21",,,,,,,,
Olio Dop,,ott,V,,,Aprutino Pescarese,€/kg,"12,00","11,21",PESCARA,€/kg,"12,00","11,21",,,,,,,,
Olio Dop,,nov,I,,,Aprutino Pescarese,€/kg,"12,00","11,21",PESCARA,€/kg,"12,00","11,21",,,,,,,,
Olio Dop,,nov,II,,,Aprutino Pescarese,€/kg,"12,00","11,21",PESCARA,€/kg,"12,00","11,21",,,,,,,,
Olio Dop,,nov,III,,,Aprutino Pescarese,€/kg,"12,00","11,21",PESCARA,€/kg,"12,00","11,21",,,,,,,,
Olio Dop,,nov,IV,,,Aprutino Pescarese,€/kg,"12,00","11,21",PESCARA,€/kg,"12,00","11,21",,,,,,,,
Olio Dop,,dic,I,,,Aprutino Pescarese,€/kg,"12,00","11,21",PESCARA,€/kg,"12,00","11,21",,,,,,,,
Olio Dop,,dic,II,,,Aprutino Pescarese,€/kg,"12,00","11,21",PESCARA,€/kg,"12,00","11,21",,,,,,,,
Olio Dop,,dic,III,,,Aprutino Pescarese,€/kg,"12,00","11,21",PESCARA,€/kg,"12,00","11,21",,,,,,,,
Olio Dop,,dic,IV,,,Aprutino Pescarese,€/kg,"12,00","11,21",PESCARA,€/kg,"12,00","11,21",,,,,,,,
Olio Dop,,gen,I,,,Brisighella,€/kg,"24,50","24,37",RAVENNA,€/kg,"24,50","24,37",,,,,,,,
Olio Dop,,gen,II,,,Brisighella,€/kg,"24,50","24,37",RAVENNA,€/kg,"24,50","24,37",,,,,,,,
Olio Dop,,gen,III,,,Brisighella,€/kg,"25,00","24,37",RAVENNA,€/kg,"25,00","24,37",,,,,,,,
Olio Dop,,gen,IV,,,Brisighella,€/kg,"25,00","24,37",RAVENNA,€/kg,"25,00","24,37",,,,,,,,
Olio Dop,,feb,I,,,Brisighella,€/kg,"25,00","24,37",RAVENNA,€/kg,"25,00","24,37",,,,,,,,
Olio Dop,,feb,II,,,Brisighella,€/kg,"25,00","24,37",RAVENNA,€/kg,"25,00","24,37",,,,,,,,
Olio Dop,,feb,III,,,Brisighella,€/kg,"25,00","24,37",RAVENNA,€/kg,"25,00","24,37",,,,,,,,
Olio Dop,,feb,IV,,,Brisighella,€/kg,"25,00","24,37",RAVENNA,€/kg,"25,00","24,37",,,,,,,,
Olio Dop,,feb,V,,,Brisighella,€/kg,"25,00","24,37",RAVENNA,€/kg,"25,00","24,37",,,,,,,,
Olio Dop,,mar,I,,,Brisighella,€/kg,"25,00","24,37",RAVENNA,€/kg,"25,00","24,37",,,,,,,,
Olio Dop,,mar,II,,,Brisighella,€/kg,"25,00","24,37",RAVENNA,€/kg,"25,00","24,37",,,,,,,,
Olio Dop,,mar,III,,,Brisighella,€/kg,"25,00","24,37",RAVENNA,€/kg,"25,00","24,37",,,,,,,,
Olio Dop,,mar,IV,,,Brisighella,€/kg,"25,00","24,37",RAVENNA,€/kg,"25,00","24,37",,,,,,,,
Olio Dop,,apr,I,,,Brisighella,€/kg,"25,00","24,37",RAVENNA,€/kg,"25,00","24,37",,,,,,,,
Olio Dop,,apr,II,,,Brisighella,€/kg,"25,00","24,37",RAVENNA,€/kg,"25,00","24,37",,,,,,,,
Olio Dop,,apr,III,,,Brisighella,€/kg,"25,00","24,37",RAVENNA,€/kg,"25,00","24,37",,,,,,,,
Olio Dop,,apr,IV,,,Brisighella,€/kg,"25,50","24,37",RAVENNA,€/kg,"25,50","24,37",,,,,,,,
Olio Dop,,mag,I,,,Brisighella,€/kg,"25,50","24,37",RAVENNA,€/kg,"25,50","24,37",,,,,,,,
Olio Dop,,mag,II,,,Brisighella,€/kg,"25,50","24,37",RAVENNA,€/kg,"25,50","24,37",,,,,,,,
Olio Dop,,mag,III,,,Brisighella,€/kg,"25,50","24,37",RAVENNA,€/kg,"25,50","24,37",,,,,,,,
Olio Dop,,mag,IV,,,Brisighella,€/kg,"25,50","24,37",RAVENNA,€/kg,"25,50","24,37",,,,,,,,
Olio Dop,,mag,V,,,Brisighella,€/kg,"25,50","24,37",RAVENNA,€/kg,"25,50","24,37",,,,,,,,
Olio Dop,,giu,I,,,Brisighella,€/kg,"25,00","24,37",RAVENNA,€/kg,"25,00","24,37",,,,,,,,
Olio Dop,,giu,II,,,Brisighella,€/kg,"25,00","24,37",RAVENNA,€/kg,"25,00","24,37",,,,,,,,
Olio Dop,,giu,III,,,Brisighella,€/kg,"25,00","24,37",RAVENNA,€/kg,"25,00","24,37",,,,,,,,
Olio Dop,,giu,IV,,,Brisighella,€/kg,"25,00","24,37",RAVENNA,€/kg,"25,00","24,37",,,,,,,,
Olio Dop,,lug,I,,,Brisighella,€/kg,"25,00","24,37",RAVENNA,€/kg,"25,00","24,37",,,,,,,,
Olio Dop,,lug,II,,,Brisighella,€/kg,"25,50","24,37",RAVENNA,€/kg,"25,50","24,37",,,,,,,,
Olio Dop,,lug,III,,,Brisighella,€/kg,"25,50","24,37",RAVENNA,€/kg,"25,50","24,37",,,,,,,,
Olio Dop,,lug,IV,,,Brisighella,€/kg,"25,50","24,37",RAVENNA,€/kg,"25,50","24,37",,,,,,,,
Olio Dop,,ago,I,,,Brisighella,€/kg,"25,50","24,37",RAVENNA,€/kg,"25,50","24,37",,,,,,,,
Olio Dop,,ago,II,,,Brisighella,€/kg,"25,50","24,37",RAVENNA,€/kg,"25,50","24,37",,,,,,,,
Olio Dop,,ago,III,,,Brisighella,€/kg,"25,50","24,37",RAVENNA,€/kg,"25,50","24,37",,,,,,,,
Olio Dop,,ago,IV,,,Brisighella,€/kg,"25,00","24,37",RAVENNA,€/kg,"25,00","24,37",,,,,,,,
Olio Dop,,ago,V,,,Brisighella,€/kg,"25,00","24,37",RAVENNA,€/kg,"25,00","24,37",,,,,,,,
Olio Dop,,set,I,,,Brisighella,€/kg,"25,00","24,37",RAVENNA,€/kg,"25,00","24,37",,,,,,,,
Olio Dop,,set,II,,,Brisighella,€/kg,"25,00","24,37",RAVENNA,€/kg,"25,00","24,37",,,,,,,,
Olio Dop,,set,III,,,Brisighella,€/kg,"24,00","24,37",RAVENNA,€/kg,"24,00","24,37",,,,,,,,
Olio Dop,,set,IV,,,Brisighella,€/kg,"24,00","24,37",RAVENNA,€/kg,"24,00","24,37",,,,,,,,
Olio Dop,,ott,I,,,Brisighella,€/kg,"24,00","24,37",RAVENNA,€/kg,"24,00","24,37",,,,,,,,
Olio Dop,,ott,II,,,Brisighella,€/kg,"24,00","24,37",RAVENNA,€/kg,"24,00","24,37",,,,,,,,
Olio Dop,,ott,III,,,Brisighella,€/kg,"23,50","24,37",RAVENNA,€/kg,"23,50","24,37",,,,,,,,
Olio Dop,,ott,IV,,,Brisighella,€/kg,"23,00","24,37",RAVENNA,€/kg,"23,00","24,37",,,,,,,,
Olio Dop,,ott,V,,,Brisighella,€/kg,"22,50","24,37",RAVENNA,€/kg,"22,50","24,37",,,,,,,,
Olio Dop,,nov,I,,,Brisighella,€/kg,"22,50","24,37",RAVENNA,€/kg,"22,50","24,37",,,,,,,,
Olio Dop,,nov,II,,,Brisighella,€/kg,"22,50","24,37",RAVENNA,€/kg,"22,50","24,37",,,,,,,,
Olio Dop,,nov,III,,,Brisighella,€/kg,"21,50","24,37",RAVENNA,€/kg,"21,50","24,37",,,,,,,,
Olio Dop,,nov,IV,,,Brisighella,€/kg,"21,50","24,37",RAVENNA,€/kg,"21,50","24,37",,,,,,,,
Olio Dop,,dic,I,,,Brisighella,€/kg,"21,00","24,37",RAVENNA,€/kg,"21,00","24,37",,,,,,,,
Olio Dop,,dic,II,,,Brisighella,€/kg,"21,00","24,37",RAVENNA,€/kg,"21,00","24,37",,,,,,,,
Olio Dop,,dic,III,,,Brisighella,€/kg,"21,00","24,37",RAVENNA,€/kg,"21,00","24,37",,,,,,,,
Olio Dop,,dic,IV,,,Brisighella,€/kg,"21,00","24,37",RAVENNA,€/kg,"21,00","24,37",,,,,,,,
Olio Dop,,gen,I,,,Bruzio,€/kg,"9,20","9,40",GIOIA TAURO,€/kg,"9,20","9,40",,,,,,,,
Olio Dop,,gen,II,,,Bruzio,€/kg,"9,20","9,40",GIOIA TAURO,€/kg,"9,20","9,40",,,,,,,,
Olio Dop,,gen,III,,,Bruzio,€/kg,"9,40","9,40",GIOIA TAURO,€/kg,"9,40","9,40",,,,,,,,
Olio Dop,,gen,IV,,,Bruzio,€/kg,"9,50","9,40",GIOIA TAURO,€/kg,"9,50","9,40",,,,,,,,
Olio Dop,,feb,I,,,Bruzio,€/kg,"9,50","9,40",GIOIA TAURO,€/kg,"9,50","9,40",,,,,,,,
Olio Dop,,feb,II,,,Bruzio,€/kg,"9,50","9,40",GIOIA TAURO,€/kg,"9,50","9,40",,,,,,,,
Olio Dop,,feb,III,,,Bruzio,€/kg,"9,50","9,40",GIOIA TAURO,€/kg,"9,50","9,40",,,,,,,,
Olio Dop,,feb,IV,,,Bruzio,€/kg,"9,50","9,40",GIOIA TAURO,€/kg,"9,50","9,40",,,,,,,,
Olio Dop,,feb,V,,,Bruzio,€/kg,"9,50","9,40",GIOIA TAURO,€/kg,"9,50","9,40",,,,,,,,
Olio Dop,,mar,I,,,Bruzio,€/kg,"9,60","9,40",GIOIA TAURO,€/kg,"9,60","9,40",,,,,,,,
Olio Dop,,mar,II,,,Bruzio,€/kg,"9,60","9,40",GIOIA TAURO,€/kg,"9,60","9,40",,,,,,,,
Olio Dop,,mar,III,,,Bruzio,€/kg,"9,60","9,40",GIOIA TAURO,€/kg,"9,60","9,40",,,,,,,,
Olio Dop,,mar,IV,,,Bruzio,€/kg,"9,60","9,40",GIOIA TAURO,€/kg,"9,60","9,40",,,,,,,,
Olio Dop,,apr,I,,,Bruzio,€/kg,"9,60","9,40",GIOIA TAURO,€/kg,"9,60","9,40",,,,,,,,
Olio Dop,,apr,II,,,Bruzio,€/kg,"9,60","9,40",GIOIA TAURO,€/kg,"9,60","9,40",,,,,,,,
Olio Dop,,apr,III,,,Bruzio,€/kg,"9,60","9,40",GIOIA TAURO,€/kg,"9,60","9,40",,,,,,,,
Olio Dop,,apr,IV,,,Bruzio,€/kg,"9,60","9,40",GIOIA TAURO,€/kg,"9,60","9,40",,,,,,,,
Olio Dop,,mag,I,,,Bruzio,€/kg,"9,60","9,40",GIOIA TAURO,€/kg,"9,60","9,40",,,,,,,,
Olio Dop,,mag,II,,,Bruzio,€/kg,"9,60","9,40",GIOIA TAURO,€/kg,"9,60","9,40",,,,,,,,
Olio Dop,,mag,III,,,Bruzio,€/kg,"9,60","9,40",GIOIA TAURO,€/kg,"9,60","9,40",,,,,,,,
Olio Dop,,mag,IV,,,Bruzio,€/kg,"9,60","9,40",GIOIA TAURO,€/kg,"9,60","9,40",,,,,,,,
Olio Dop,,mag,V,,,Bruzio,€/kg,"9,60","9,40",GIOIA TAURO,€/kg,"9,60","9,40",,,,,,,,
Olio Dop,,giu,I,,,Bruzio,€/kg,"9,60","9,40",GIOIA TAURO,€/kg,"9,60","9,40",,,,,,,,
Olio Dop,,giu,II,,,Bruzio,€/kg,"9,60","9,40",GIOIA TAURO,€/kg,"9,60","9,40",,,,,,,,
Olio Dop,,giu,III,,,Bruzio,€/kg,"9,60","9,40",GIOIA TAURO,€/kg,"9,60","9,40",,,,,,,,
Olio Dop,,giu,IV,,,Bruzio,€/kg,"9,60","9,40",GIOIA TAURO,€/kg,"9,60","9,40",,,,,,,,
Olio Dop,,lug,I,,,Bruzio,€/kg,"9,60","9,40",GIOIA TAURO,€/kg,"9,60","9,40",,,,,,,,
Olio Dop,,lug,II,,,Bruzio,€/kg,"9,40","9,40",GIOIA TAURO,€/kg,"9,40","9,40",,,,,,,,
Olio Dop,,lug,III,,,Bruzio,€/kg,"9,40","9,40",GIOIA TAURO,€/kg,"9,40","9,40",,,,,,,,
Olio Dop,,lug,IV,,,Bruzio,€/kg,"9,40","9,40",GIOIA TAURO,€/kg,"9,40","9,40",,,,,,,,
Olio Dop,,ago,I,,,Bruzio,€/kg,"9,40","9,40",GIOIA TAURO,€/kg,"9,40","9,40",,,,,,,,
Olio Dop,,ago,II,,,Bruzio,€/kg,"9,40","9,40",GIOIA TAURO,€/kg,"9,40","9,40",,,,,,,,
Olio Dop,,ago,III,,,Bruzio,€/kg,"9,40","9,40",GIOIA TAURO,€/kg,"9,40","9,40",,,,,,,,
Olio Dop,,ago,IV,,,Bruzio,€/kg,"9,40","9,40",GIOIA TAURO,€/kg,"9,40","9,40",,,,,,,,
Olio Dop,,ago,V,,,Bruzio,€/kg,"9,30","9,40",GIOIA TAURO,€/kg,"9,30","9,40",,,,,,,,
Olio Dop,,set,I,,,Bruzio,€/kg,"9,30","9,40",GIOIA TAURO,€/kg,"9,30","9,40",,,,,,,,
Olio Dop,,set,II,,,Bruzio,€/kg,"9,30","9,40",GIOIA TAURO,€/kg,"9,30","9,40",,,,,,,,
Olio Dop,,set,III,,,Bruzio,€/kg,"9,30","9,40",GIOIA TAURO,€/kg,"9,30","9,40",,,,,,,,
Olio Dop,,set,IV,,,Bruzio,€/kg,"9,30","9,40",GIOIA TAURO,€/kg,"9,30","9,40",,,,,,,,
Olio Dop,,ott,I,,,Bruzio,€/kg,"9,30","9,40",GIOIA TAURO,€/kg,"9,30","9,40",,,,,,,,
Olio Dop,,ott,II,,,Bruzio,€/kg,"9,30","9,40",GIOIA TAURO,€/kg,"9,30","9,40",,,,,,,,
Olio Dop,,ott,III,,,Bruzio,€/kg,"9,30","9,40",GIOIA TAURO,€/kg,"9,30","9,40",,,,,,,,
Olio Dop,,ott,IV,,,Bruzio,€/kg,"9,30","9,40",GIOIA TAURO,€/kg,"9,30","9,40",,,,,,,,
Olio Dop,,ott,V,,,Bruzio,€/kg,"9,30","9,40",GIOIA TAURO,€/kg,"9,30","9,40",,,,,,,,
Olio Dop,,nov,I,,,Bruzio,€/kg,"9,20","9,40",GIOIA TAURO,€/kg,"9,20","9,40",,,,,,,,
Olio Dop,,nov,II,,,Bruzio,€/kg,"8,70","9,40",GIOIA TAURO,€/kg,"8,70","9,40",,,,,,,,
Olio Dop,,nov,III,,,Bruzio,€/kg,"8,20","9,40",GIOIA TAURO,€/kg,"8,20","9,40",,,,,,,,
Olio Dop,,nov,IV,,,Bruzio,€/kg,"8,40","9,40",GIOIA TAURO,€/kg,"8,40","9,40",,,,,,,,
Olio Dop,,dic,I,,,Bruzio,€/kg,"9,30","9,40",GIOIA TAURO,€/kg,"9,30","9,40",,,,,,,,
Olio Dop,,dic,II,,,Bruzio,€/kg,"9,60","9,40",GIOIA TAURO,€/kg,"9,60","9,40",,,,,,,,
Olio Dop,,dic,III,,,Bruzio,€/kg,"9,60","9,40",GIOIA TAURO,€/kg,"9,60","9,40",,,,,,,,
Olio Dop,,dic,IV,,,Bruzio,€/kg,"9,60","9,40",GIOIA TAURO,€/kg,"9,60","9,40",,,,,,,,
Olio Dop,,gen,I,,,Canino,€/kg,"9,60","9,76",VITERBO,€/kg,"9,60","9,76",,,,,,,,
Olio Dop,,gen,II,,,Canino,€/kg,"9,60","9,76",VITERBO,€/kg,"9,60","9,76",,,,,,,,
Olio Dop,,gen,III,,,Canino,€/kg,"9,60","9,76",VITERBO,€/kg,"9,60","9,76",,,,,,,,
Olio Dop,,gen,IV,,,Canino,€/kg,"9,60","9,76",VITERBO,€/kg,"9,60","9,76",,,,,,,,
Olio Dop,,feb,I,,,Canino,€/kg,"9,60","9,76",VITERBO,€/kg,"9,60","9,76",,,,,,,,
Olio Dop,,feb,II,,,Canino,€/kg,"9,60","9,76",VITERBO,€/kg,"9,60","9,76",,,,,,,,
Olio Dop,,feb,III,,,Canino,€/kg,"9,60","9,76",VITERBO,€/kg,"9,60","9,76",,,,,,,,
Olio Dop,,feb,IV,,,Canino,€/kg,"9,60","9,76",VITERBO,€/kg,"9,60","9,76",,,,,,,,
Olio Dop,,feb,V,,,Canino,€/kg,"9,60","9,76",VITERBO,€/kg,"9,60","9,76",,,,,,,,
Olio Dop,,mar,I,,,Canino,€/kg,"9,60","9,76",VITERBO,€/kg,"9,60","9,76",,,,,,,,
Olio Dop,,mar,II,,,Canino,€/kg,"9,60","9,76",VITERBO,€/kg,"9,60","9,76",,,,,,,,
Olio Dop,,mar,III,,,Canino,€/kg,"9,60","9,76",VITERBO,€/kg,"9,60","9,76",,,,,,,,
Olio Dop,,mar,IV,,,Canino,€/kg,"9,60","9,76",VITERBO,€/kg,"9,60","9,76",,,,,,,,
Olio Dop,,apr,I,,,Canino,€/kg,"9,60","9,76",VITERBO,€/kg,"9,60","9,76",,,,,,,,
Olio Dop,,apr,II,,,Canino,€/kg,"9,60","9,76",VITERBO,€/kg,"9,60","9,76",,,,,,,,
Olio Dop,,apr,III,,,Canino,€/kg,"9,60","9,76",VITERBO,€/kg,"9,60","9,76",,,,,,,,
Olio Dop,,apr,IV,,,Canino,€/kg,"9,60","9,76",VITERBO,€/kg,"9,60","9,76",,,,,,,,
Olio Dop,,mag,I,,,Canino,€/kg,"9,60","9,76",VITERBO,€/kg,"9,60","9,76",,,,,,,,
Olio Dop,,mag,II,,,Canino,€/kg,"9,60","9,76",VITERBO,€/kg,"9,60","9,76",,,,,,,,
Olio Dop,,mag,III,,,Canino,€/kg,"9,60","9,76",VITERBO,€/kg,"9,60","9,76",,,,,,,,
Olio Dop,,mag,IV,,,Canino,€/kg,"9,60","9,76",VITERBO,€/kg,"9,60","9,76",,,,,,,,
Olio Dop,,mag,V,,,Canino,€/kg,"9,60","9,76",VITERBO,€/kg,"9,60","9,76",,,,,,,,
Olio Dop,,giu,I,,,Canino,€/kg,"9,60","9,76",VITERBO,€/kg,"9,60","9,76",,,,,,,,
Olio Dop,,giu,II,,,Canino,€/kg,"9,60","9,76",VITERBO,€/kg,"9,60","9,76",,,,,,,,
Olio Dop,,giu,III,,,Canino,€/kg,"9,60","9,76",VITERBO,€/kg,"9,60","9,76",,,,,,,,
Olio Dop,,giu,IV,,,Canino,€/kg,"9,60","9,76",VITERBO,€/kg,"9,60","9,76",,,,,,,,
Olio Dop,,lug,I,,,Canino,€/kg,"9,60","9,76",VITERBO,€/kg,"9,60","9,76",,,,,,,,
Olio Dop,,lug,II,,,Canino,€/kg,"9,60","9,76",VITERBO,€/kg,"9,60","9,76",,,,,,,,
Olio Dop,,lug,III,,,Canino,€/kg,"9,60","9,76",VITERBO,€/kg,"9,60","9,76",,,,,,,,
Olio Dop,,lug,IV,,,Canino,€/kg,"9,60","9,76",VITERBO,€/kg,"9,60","9,76",,,,,,,,
Olio Dop,,ago,I,,,Canino,€/kg,"9,60","9,76",VITERBO,€/kg,"9,60","9,76",,,,,,,,
Olio Dop,,ago,II,,,Canino,€/kg,"9,60","9,76",VITERBO,€/kg,"9,60","9,76",,,,,,,,
Olio Dop,,ago,III,,,Canino,€/kg,"9,60","9,76",VITERBO,€/kg,"9,60","9,76",,,,,,,,
Olio Dop,,ago,IV,,,Canino,€/kg,"9,60","9,76",VITERBO,€/kg,"9,60","9,76",,,,,,,,
Olio Dop,,ago,V,,,Canino,€/kg,"9,60","9,76",VITERBO,€/kg,"9,60","9,76",,,,,,,,
Olio Dop,,set,I,,,Canino,€/kg,"9,60","9,76",VITERBO,€/kg,"9,60","9,76",,,,,,,,
Olio Dop,,set,II,,,Canino,€/kg,"9,60","9,76",VITERBO,€/kg,"9,60","9,76",,,,,,,,
Olio Dop,,set,III,,,Canino,€/kg,"9,60","9,76",VITERBO,€/kg,"9,60","9,76",,,,,,,,
Olio Dop,,set,IV,,,Canino,€/kg,"9,60","9,76",VITERBO,€/kg,"9,60","9,76",,,,,,,,
Olio Dop,,ott,I,,,Canino,€/kg,"9,60","9,76",VITERBO,€/kg,"9,60","9,76",,,,,,,,
Olio Dop,,ott,II,,,Canino,€/kg,"9,60","9,76",VITERBO,€/kg,"9,60","9,76",,,,,,,,
Olio Dop,,ott,III,,,Canino,€/kg,"9,60","9,76",VITERBO,€/kg,"9,60","9,76",,,,,,,,
Olio Dop,,ott,IV,,,Canino,€/kg,"9,60","9,76",VITERBO,€/kg,"9,60","9,76",,,,,,,,
Olio Dop,,ott,V,,,Canino,€/kg,"10,50","9,76",VITERBO,€/kg,"10,50","9,76",,,,,,,,
Olio Dop,,nov,I,,,Canino,€/kg,"10,50","9,76",VITERBO,€/kg,"10,50","9,76",,,,,,,,
Olio Dop,,nov,II,,,Canino,€/kg,"10,50","9,76",VITERBO,€/kg,"10,50","9,76",,,,,,,,
Olio Dop,,nov,III,,,Canino,€/kg,"10,50","9,76",VITERBO,€/kg,"10,50","9,76",,,,,,,,
Olio Dop,,nov,IV,,,Canino,€/kg,"10,50","9,76",VITERBO,€/kg,"10,50","9,76",,,,,,,,
Olio Dop,,dic,I,,,Canino,€/kg,"10,50","9,76",VITERBO,€/kg,"10,50","9,76",,,,,,,,
Olio Dop,,dic,II,,,Canino,€/kg,"10,50","9,76",VITERBO,€/kg,"10,50","9,76",,,,,,,,
Olio Dop,,dic,III,,,Canino,€/kg,"10,50","9,76",VITERBO,€/kg,"10,50","9,76",,,,,,,,
Olio Dop,,dic,IV,,,Canino,€/kg,"10,50","9,76",VITERBO,€/kg,"10,50","9,76",,,,,,,,
Olio Dop,,gen,I,,,Chianti Classico,€/kg,"15,00","15,17",FIRENZE,€/kg,"15,00","15,17",,,,,,,,
Olio Dop,,gen,II,,,Chianti Classico,€/kg,"15,00","15,17",FIRENZE,€/kg,"15,00","15,17",,,,,,,,
Olio Dop,,gen,III,,,Chianti Classico,€/kg,"15,00","15,17",FIRENZE,€/kg,"15,00","15,17",,,,,,,,
Olio Dop,,gen,IV,,,Chianti Classico,€/kg,"15,00","15,17",FIRENZE,€/kg,"15,00","15,17",,,,,,,,
Olio Dop,,feb,I,,,Chianti Classico,€/kg,"15,00","15,17",FIRENZE,€/kg,"15,00","15,17",,,,,,,,
Olio Dop,,feb,II,,,Chianti Classico,€/kg,"15,00","15,17",FIRENZE,€/kg,"15,00","15,17",,,,,,,,
Olio Dop,,feb,III,,,Chianti Classico,€/kg,"15,00","15,17",FIRENZE,€/kg,"15,00","15,17",,,,,,,,
Olio Dop,,feb,IV,,,Chianti Classico,€/kg,"15,00","15,17",FIRENZE,€/kg,"15,00","15,17",,,,,,,,
Olio Dop,,feb,V,,,Chianti Classico,€/kg,"15,00","15,17",FIRENZE,€/kg,"15,00","15,17",,,,,,,,
Olio Dop,,mar,I,,,Chianti Classico,€/kg,"15,00","15,17",FIRENZE,€/kg,"15,00","15,17",,,,,,,,
Olio Dop,,mar,II,,,Chianti Classico,€/kg,"15,00","15,17",FIRENZE,€/kg,"15,00","15,17",,,,,,,,
Olio Dop,,mar,III,,,Chianti Classico,€/kg,"15,00","15,17",FIRENZE,€/kg,"15,00","15,17",,,,,,,,
Olio Dop,,mar,IV,,,Chianti Classico,€/kg,"15,00","15,17",FIRENZE,€/kg,"15,00","15,17",,,,,,,,
Olio Dop,,apr,I,,,Chianti Classico,€/kg,"15,00","15,17",FIRENZE,€/kg,"15,00","15,17",,,,,,,,
Olio Dop,,apr,II,,,Chianti Classico,€/kg,"15,00","15,17",FIRENZE,€/kg,"15,00","15,17",,,,,,,,
Olio Dop,,apr,III,,,Chianti Classico,€/kg,"15,00","15,17",FIRENZE,€/kg,"15,00","15,17",,,,,,,,
Olio Dop,,apr,IV,,,Chianti Classico,€/kg,"15,00","15,17",FIRENZE,€/kg,"15,00","15,17",,,,,,,,
Olio Dop,,mag,I,,,Chianti Classico,€/kg,"15,00","15,17",FIRENZE,€/kg,"15,00","15,17",,,,,,,,
Olio Dop,,mag,II,,,Chianti Classico,€/kg,"15,00","15,17",FIRENZE,€/kg,"15,00","15,17",,,,,,,,
Olio Dop,,mag,III,,,Chianti Classico,€/kg,"15,00","15,17",FIRENZE,€/kg,"15,00","15,17",,,,,,,,
Olio Dop,,mag,IV,,,Chianti Classico,€/kg,"15,00","15,17",FIRENZE,€/kg,"15,00","15,17",,,,,,,,
Olio Dop,,mag,V,,,Chianti Classico,€/kg,"15,00","15,17",FIRENZE,€/kg,"15,00","15,17",,,,,,,,
Olio Dop,,giu,I,,,Chianti Classico,€/kg,"15,00","15,17",FIRENZE,€/kg,"15,00","15,17",,,,,,,,
Olio Dop,,giu,II,,,Chianti Classico,€/kg,"15,00","15,17",FIRENZE,€/kg,"15,00","15,17",,,,,,,,
Olio Dop,,giu,III,,,Chianti Classico,€/kg,"15,00","15,17",FIRENZE,€/kg,"15,00","15,17",,,,,,,,
Olio Dop,,giu,IV,,,Chianti Classico,€/kg,"15,00","15,17",FIRENZE,€/kg,"15,00","15,17",,,,,,,,
Olio Dop,,lug,I,,,Chianti Classico,€/kg,"15,00","15,17",FIRENZE,€/kg,"15,00","15,17",,,,,,,,
Olio Dop,,lug,II,,,Chianti Classico,€/kg,"15,00","15,17",FIRENZE,€/kg,"15,00","15,17",,,,,,,,
Olio Dop,,lug,III,,,Chianti Classico,€/kg,"15,00","15,17",FIRENZE,€/kg,"15,00","15,17",,,,,,,,
Olio Dop,,lug,IV,,,Chianti Classico,€/kg,"15,00","15,17",FIRENZE,€/kg,"15,00","15,17",,,,,,,,
Olio Dop,,ago,I,,,Chianti Classico,€/kg,"15,00","15,17",FIRENZE,€/kg,"15,00","15,17",,,,,,,,
Olio Dop,,ago,II,,,Chianti Classico,€/kg,"15,00","15,17",FIRENZE,€/kg,"15,00","15,17",,,,,,,,
Olio Dop,,ago,III,,,Chianti Classico,€/kg,"15,00","15,17",FIRENZE,€/kg,"15,00","15,17",,,,,,,,
Olio Dop,,ago,IV,,,Chianti Classico,€/kg,"15,00","15,17",FIRENZE,€/kg,"15,00","15,17",,,,,,,,
Olio Dop,,ago,V,,,Chianti Classico,€/kg,"15,00","15,17",FIRENZE,€/kg,"15,00","15,17",,,,,,,,
Olio Dop,,set,I,,,Chianti Classico,€/kg,"15,00","15,17",FIRENZE,€/kg,"15,00","15,17",,,,,,,,
Olio Dop,,set,II,,,Chianti Classico,€/kg,"15,00","15,17",FIRENZE,€/kg,"15,00","15,17",,,,,,,,
Olio Dop,,set,III,,,Chianti Classico,€/kg,"15,00","15,17",FIRENZE,€/kg,"15,00","15,17",,,,,,,,
Olio Dop,,set,IV,,,Chianti Classico,€/kg,"15,00","15,17",FIRENZE,€/kg,"15,00","15,17",,,,,,,,
Olio Dop,,ott,I,,,Chianti Classico,€/kg,"15,00","15,17",FIRENZE,€/kg,"15,00","15,17",,,,,,,,
Olio Dop,,ott,II,,,Chianti Classico,€/kg,"15,00","15,17",FIRENZE,€/kg,"15,00","15,17",,,,,,,,
Olio Dop,,ott,III,,,Chianti Classico,€/kg,"15,00","15,17",FIRENZE,€/kg,"15,00","15,17",,,,,,,,
Olio Dop,,ott,IV,,,Chianti Classico,€/kg,"15,00","15,17",FIRENZE,€/kg,"15,00","15,17",,,,,,,,
Olio Dop,,ott,V,,,Chianti Classico,€/kg,"16,00","15,17",FIRENZE,€/kg,"16,00","15,17",,,,,,,,
Olio Dop,,nov,I,,,Chianti Classico,€/kg,"16,00","15,17",FIRENZE,€/kg,"16,00","15,17",,,,,,,,
Olio Dop,,nov,II,,,Chianti Classico,€/kg,"16,00","15,17",FIRENZE,€/kg,"16,00","15,17",,,,,,,,
Olio Dop,,nov,III,,,Chianti Classico,€/kg,"16,00","15,17",FIRENZE,€/kg,"16,00","15,17",,,,,,,,
Olio Dop,,nov,IV,,,Chianti Classico,€/kg,"16,00","15,17",FIRENZE,€/kg,"16,00","15,17",,,,,,,,
Olio Dop,,dic,I,,,Chianti Classico,€/kg,"16,00","15,17",FIRENZE,€/kg,"16,00","15,17",,,,,,,,
Olio Dop,,dic,II,,,Chianti Classico,€/kg,"16,00","15,17",FIRENZE,€/kg,"16,00","15,17",,,,,,,,
Olio Dop,,dic,III,,,Chianti Classico,€/kg,"16,00","15,17",FIRENZE,€/kg,"16,00","15,17",,,,,,,,
Olio Dop,,dic,IV,,,Chianti Classico,€/kg,"16,00","15,17",FIRENZE,€/kg,"16,00","15,17",,,,,,,,
Olio Dop,,gen,I,,,Colline Teatine,€/kg,"11,00","11,21",CHIETI,€/kg,"11,00","11,21",,,,,,,,
Olio Dop,,gen,II,,,Colline Teatine,€/kg,"11,00","11,21",CHIETI,€/kg,"11,00","11,21",,,,,,,,
Olio Dop,,gen,III,,,Colline Teatine,€/kg,"11,00","11,21",CHIETI,€/kg,"11,00","11,21",,,,,,,,
Olio Dop,,gen,IV,,,Colline Teatine,€/kg,"11,00","11,21",CHIETI,€/kg,"11,00","11,21",,,,,,,,
Olio Dop,,feb,I,,,Colline Teatine,€/kg,"11,00","11,21",CHIETI,€/kg,"11,00","11,21",,,,,,,,
Olio Dop,,feb,II,,,Colline Teatine,€/kg,"11,00","11,21",CHIETI,€/kg,"11,00","11,21",,,,,,,,
Olio Dop,,feb,III,,,Colline Teatine,€/kg,"11,00","11,21",CHIETI,€/kg,"11,00","11,21",,,,,,,,
Olio Dop,,feb,IV,,,Colline Teatine,€/kg,"11,00","11,21",CHIETI,€/kg,"11,00","11,21",,,,,,,,
Olio Dop,,feb,V,,,Colline Teatine,€/kg,"11,00","11,21",CHIETI,€/kg,"11,00","11,21",,,,,,,,
Olio Dop,,mar,I,,,Colline Teatine,€/kg,"11,00","11,21",CHIETI,€/kg,"11,00","11,21",,,,,,,,
Olio Dop,,mar,II,,,Colline Teatine,€/kg,"11,00","11,21",CHIETI,€/kg,"11,00","11,21",,,,,,,,
Olio Dop,,mar,III,,,Colline Teatine,€/kg,"11,00","11,21",CHIETI,€/kg,"11,00","11,21",,,,,,,,
Olio Dop,,mar,IV,,,Colline Teatine,€/kg,"11,00","11,21",CHIETI,€/kg,"11,00","11,21",,,,,,,,
Olio Dop,,apr,I,,,Colline Teatine,€/kg,"11,00","11,21",CHIETI,€/kg,"11,00","11,21",,,,,,,,
Olio Dop,,apr,II,,,Colline Teatine,€/kg,"11,00","11,21",CHIETI,€/kg,"11,00","11,21",,,,,,,,
Olio Dop,,apr,III,,,Colline Teatine,€/kg,"11,00","11,21",CHIETI,€/kg,"11,00","11,21",,,,,,,,
Olio Dop,,apr,IV,,,Colline Teatine,€/kg,"11,00","11,21",CHIETI,€/kg,"11,00","11,21",,,,,,,,
Olio Dop,,mag,I,,,Colline Teatine,€/kg,"11,00","11,21",CHIETI,€/kg,"11,00","11,21",,,,,,,,
Olio Dop,,mag,II,,,Colline Teatine,€/kg,"11,00","11,21",CHIETI,€/kg,"11,00","11,21",,,,,,,,
Olio Dop,,mag,III,,,Colline Teatine,€/kg,"11,00","11,21",CHIETI,€/kg,"11,00","11,21",,,,,,,,
Olio Dop,,mag,IV,,,Colline Teatine,€/kg,"11,00","11,21",CHIETI,€/kg,"11,00","11,21",,,,,,,,
Olio Dop,,mag,V,,,Colline Teatine,€/kg,"11,00","11,21",CHIETI,€/kg,"11,00","11,21",,,,,,,,
Olio Dop,,giu,I,,,Colline Teatine,€/kg,"11,00","11,21",CHIETI,€/kg,"11,00","11,21",,,,,,,,
Olio Dop,,giu,II,,,Colline Teatine,€/kg,"11,00","11,21",CHIETI,€/kg,"11,00","11,21",,,,,,,,
Olio Dop,,giu,III,,,Colline Teatine,€/kg,"11,00","11,21",CHIETI,€/kg,"11,00","11,21",,,,,,,,
Olio Dop,,giu,IV,,,Colline Teatine,€/kg,"11,00","11,21",CHIETI,€/kg,"11,00","11,21",,,,,,,,
Olio Dop,,lug,I,,,Colline Teatine,€/kg,"11,00","11,21",CHIETI,€/kg,"11,00","11,21",,,,,,,,
Olio Dop,,lug,II,,,Colline Teatine,€/kg,"11,00","11,21",CHIETI,€/kg,"11,00","11,21",,,,,,,,
Olio Dop,,lug,III,,,Colline Teatine,€/kg,"11,00","11,21",CHIETI,€/kg,"11,00","11,21",,,,,,,,
Olio Dop,,lug,IV,,,Colline Teatine,€/kg,"11,00","11,21",CHIETI,€/kg,"11,00","11,21",,,,,,,,
Olio Dop,,ago,I,,,Colline Teatine,€/kg,"11,00","11,21",CHIETI,€/kg,"11,00","11,21",,,,,,,,
Olio Dop,,ago,II,,,Colline Teatine,€/kg,"11,00","11,21",CHIETI,€/kg,"11,00","11,21",,,,,,,,
Olio Dop,,ago,III,,,Colline Teatine,€/kg,"11,00","11,21",CHIETI,€/kg,"11,00","11,21",,,,,,,,
Olio Dop,,ago,IV,,,Colline Teatine,€/kg,"11,00","11,21",CHIETI,€/kg,"11,00","11,21",,,,,,,,
Olio Dop,,ago,V,,,Colline Teatine,€/kg,"11,00","11,21",CHIETI,€/kg,"11,00","11,21",,,,,,,,
Olio Dop,,set,I,,,Colline Teatine,€/kg,"11,00","11,21",CHIETI,€/kg,"11,00","11,21",,,,,,,,
Olio Dop,,set,II,,,Colline Teatine,€/kg,"11,00","11,21",CHIETI,€/kg,"11,00","11,21",,,,,,,,
Olio Dop,,set,III,,,Colline Teatine,€/kg,"11,00","11,21",CHIETI,€/kg,"11,00","11,21",,,,,,,,
Olio Dop,,set,IV,,,Colline Teatine,€/kg,"11,00","11,21",CHIETI,€/kg,"11,00","11,21",,,,,,,,
Olio Dop,,ott,I,,,Colline Teatine,€/kg,"11,00","11,21",CHIETI,€/kg,"11,00","11,21",,,,,,,,
Olio Dop,,ott,II,,,Colline Teatine,€/kg,"11,00","11,21",CHIETI,€/kg,"11,00","11,21",,,,,,,,
Olio Dop,,ott,III,,,Colline Teatine,€/kg,"11,00","11,21",CHIETI,€/kg,"11,00","11,21",,,,,,,,
Olio Dop,,ott,IV,,,Colline Teatine,€/kg,"13,00","11,21",CHIETI,€/kg,"13,00","11,21",,,,,,,,
Olio Dop,,ott,V,,,Colline Teatine,€/kg,"12,00","11,21",CHIETI,€/kg,"12,00","11,21",,,,,,,,
Olio Dop,,nov,I,,,Colline Teatine,€/kg,"12,00","11,21",CHIETI,€/kg,"12,00","11,21",,,,,,,,
Olio Dop,,nov,II,,,Colline Teatine,€/kg,"12,00","11,21",CHIETI,€/kg,"12,00","11,21",,,,,,,,
Olio Dop,,nov,III,,,Colline Teatine,€/kg,"12,00","11,21",CHIETI,€/kg,"12,00","11,21",,,,,,,,
Olio Dop,,nov,IV,,,Colline Teatine,€/kg,"12,00","11,21",CHIETI,€/kg,"12,00","11,21",,,,,,,,
Olio Dop,,dic,I,,,Colline Teatine,€/kg,"12,00","11,21",CHIETI,€/kg,"12,00","11,21",,,,,,,,
Olio Dop,,dic,II,,,Colline Teatine,€/kg,"12,00","11,21",CHIETI,€/kg,"12,00","11,21",,,,,,,,
Olio Dop,,dic,III,,,Colline Teatine,€/kg,"12,00","11,21",CHIETI,€/kg,"12,00","11,21",,,,,,,,
Olio Dop,,dic,IV,,,Colline Teatine,€/kg,"12,00","11,21",CHIETI,€/kg,"12,00","11,21",,,,,,,,
Olio Dop,,gen,I,,,Dauno,€/kg,"9,35","9,36",FOGGIA,€/kg,"9,35","9,36",,,,,,,,
Olio Dop,,gen,II,,,Dauno,€/kg,"9,60","9,36",FOGGIA,€/kg,"9,60","9,36",,,,,,,,
Olio Dop,,gen,III,,,Dauno,€/kg,"9,65","9,36",FOGGIA,€/kg,"9,65","9,36",,,,,,,,
Olio Dop,,gen,IV,,,Dauno,€/kg,"9,65","9,36",FOGGIA,€/kg,"9,65","9,36",,,,,,,,
Olio Dop,,feb,I,,,Dauno,€/kg,"9,65","9,36",FOGGIA,€/kg,"9,65","9,36",,,,,,,,
Olio Dop,,feb,II,,,Dauno,€/kg,"9,65","9,36",FOGGIA,€/kg,"9,65","9,36",,,,,,,,
Olio Dop,,feb,III,,,Dauno,€/kg,"9,65","9,36",FOGGIA,€/kg,"9,65","9,36",,,,,,,,
Olio Dop,,feb,IV,,,Dauno,€/kg,"9,65","9,36",FOGGIA,€/kg,"9,65","9,36",,,,,,,,
Olio Dop,,feb,V,,,Dauno,€/kg,"9,65","9,36",FOGGIA,€/kg,"9,65","9,36",,,,,,,,
Olio Dop,,mar,I,,,Dauno,€/kg,"9,65","9,36",FOGGIA,€/kg,"9,65","9,36",,,,,,,,
Olio Dop,,mar,II,,,Dauno,€/kg,"9,65","9,36",FOGGIA,€/kg,"9,65","9,36",,,,,,,,
Olio Dop,,mar,III,,,Dauno,€/kg,"9,65","9,36",FOGGIA,€/kg,"9,65","9,36",,,,,,,,
Olio Dop,,mar,IV,,,Dauno,€/kg,"9,65","9,36",FOGGIA,€/kg,"9,65","9,36",,,,,,,,
Olio Dop,,apr,I,,,Dauno,€/kg,"9,65","9,36",FOGGIA,€/kg,"9,65","9,36",,,,,,,,
Olio Dop,,apr,II,,,Dauno,€/kg,"9,65","9,36",FOGGIA,€/kg,"9,65","9,36",,,,,,,,
Olio Dop,,apr,III,,,Dauno,€/kg,"9,25","9,36",FOGGIA,€/kg,"9,25","9,36",,,,,,,,
Olio Dop,,apr,IV,,,Dauno,€/kg,"9,25","9,36",FOGGIA,€/kg,"9,25","9,36",,,,,,,,
Olio Dop,,mag,I,,,Dauno,€/kg,"9,25","9,36",FOGGIA,€/kg,"9,25","9,36",,,,,,,,
Olio Dop,,mag,II,,,Dauno,€/kg,"9,35","9,36",FOGGIA,€/kg,"9,35","9,36",,,,,,,,
Olio Dop,,mag,III,,,Dauno,€/kg,"9,35","9,36",FOGGIA,€/kg,"9,35","9,36",,,,,,,,
Olio Dop,,mag,IV,,,Dauno,€/kg,"9,35","9,36",FOGGIA,€/kg,"9,35","9,36",,,,,,,,
Olio Dop,,mag,V,,,Dauno,€/kg,"9,35","9,36",FOGGIA,€/kg,"9,35","9,36",,,,,,,,
Olio Dop,,giu,I,,,Dauno,€/kg,"9,35","9,36",FOGGIA,€/kg,"9,35","9,36",,,,,,,,
Olio Dop,,giu,II,,,Dauno,€/kg,"9,35","9,36",FOGGIA,€/kg,"9,35","9,36",,,,,,,,
Olio Dop,,giu,III,,,Dauno,€/kg,"9,30","9,36",FOGGIA,€/kg,"9,30","9,36",,,,,,,,
Olio Dop,,giu,IV,,,Dauno,€/kg,"9,18","9,36",FOGGIA,€/kg,"9,18","9,36",,,,,,,,
Olio Dop,,lug,I,,,Dauno,€/kg,"9,13","9,36",FOGGIA,€/kg,"9,13","9,36",,,,,,,,
Olio Dop,,lug,II,,,Dauno,€/kg,"9,13","9,36",FOGGIA,€/kg,"9,13","9,36",,,,,,,,
Olio Dop,,lug,III,,,Dauno,€/kg,"9,08","9,36",FOGGIA,€/kg,"9,08","9,36",,,,,,,,
Olio Dop,,lug,IV,,,Dauno,€/kg,"9,08","9,36",FOGGIA,€/kg,"9,08","9,36",,,,,,,,
Olio Dop,,ago,I,,,Dauno,€/kg,"9,08","9,36",FOGGIA,€/kg,"9,08","9,36",,,,,,,,
Olio Dop,,ago,II,,,Dauno,€/kg,"9,08","9,36",FOGGIA,€/kg,"9,08","9,36",,,,,,,,
Olio Dop,,ago,III,,,Dauno,€/kg,"9,08","9,36",FOGGIA,€/kg,"9,08","9,36",,,,,,,,
Olio Dop,,ago,IV,,,Dauno,€/kg,"9,08","9,36",FOGGIA,€/kg,"9,08","9,36",,,,,,,,
Olio Dop,,ago,V,,,Dauno,€/kg,n.d.,"9,36",FOGGIA,€/kg,n.d.,"9,36",,,,,,,,
Olio Dop,,set,I,,,Dauno,€/kg,n.d.,"9,36",FOGGIA,€/kg,n.d.,"9,36",,,,,,,,
Olio Dop,,set,II,,,Dauno,€/kg,n.d.,"9,36",FOGGIA,€/kg,n.d.,"9,36",,,,,,,,
Olio Dop,,set,III,,,Dauno,€/kg,n.d.,"9,36",FOGGIA,€/kg,n.d.,"9,36",,,,,,,,
Olio Dop,,set,IV,,,Dauno,€/kg,n.d.,"9,36",FOGGIA,€/kg,n.d.,"9,36",,,,,,,,
Olio Dop,,ott,I,,,Dauno,€/kg,n.d.,"9,36",FOGGIA,€/kg,n.d.,"9,36",,,,,,,,
Olio Dop,,ott,II,,,Dauno,€/kg,"9,25","9,36",FOGGIA,€/kg,"9,25","9,36",,,,,,,,
Olio Dop,,ott,III,,,Dauno,€/kg,"9,25","9,36",FOGGIA,€/kg,"9,25","9,36",,,,,,,,
Olio Dop,,ott,IV,,,Dauno,€/kg,"9,50","9,36",FOGGIA,€/kg,"9,50","9,36",,,,,,,,
Olio Dop,,ott,V,,,Dauno,€/kg,"9,25","9,36",FOGGIA,€/kg,"9,25","9,36",,,,,,,,
Olio Dop,,nov,I,,,Dauno,€/kg,"8,85","9,36",FOGGIA,€/kg,"8,85","9,36",,,,,,,,
Olio Dop,,nov,II,,,Dauno,€/kg,"8,75","9,36",FOGGIA,€/kg,"8,75","9,36",,,,,,,,
Olio Dop,,nov,III,,,Dauno,€/kg,"8,75","9,36",FOGGIA,€/kg,"8,75","9,36",,,,,,,,
Olio Dop,,nov,IV,,,Dauno,€/kg,"9,45","9,36",FOGGIA,€/kg,"9,45","9,36",,,,,,,,
Olio Dop,,dic,I,,,Dauno,€/kg,"9,55","9,36",FOGGIA,€/kg,"9,55","9,36",,,,,,,,
Olio Dop,,dic,II,,,Dauno,€/kg,"9,55","9,36",FOGGIA,€/kg,"9,55","9,36",,,,,,,,
Olio Dop,,dic,III,,,Dauno,€/kg,"9,55","9,36",FOGGIA,€/kg,"9,55","9,36",,,,,,,,
Olio Dop,,dic,IV,,,Dauno,€/kg,"9,55","9,36",FOGGIA,€/kg,"9,55","9,36",,,,,,,,
Olio Dop,,gen,I,,,Garda,€/kg,"15,50","16,70",VERONA,€/kg,"15,50","16,70",,,,,,,,
Olio Dop,,gen,II,,,Garda,€/kg,"15,50","16,70",VERONA,€/kg,"15,50","16,70",,,,,,,,
Olio Dop,,gen,III,,,Garda,€/kg,"16,00","16,70",VERONA,€/kg,"16,00","16,70",,,,,,,,
Olio Dop,,gen,IV,,,Garda,€/kg,"16,00","16,70",VERONA,€/kg,"16,00","16,70",,,,,,,,
Olio Dop,,feb,I,,,Garda,€/kg,"16,00","16,70",VERONA,€/kg,"16,00","16,70",,,,,,,,
Olio Dop,,feb,II,,,Garda,€/kg,"16,00","16,70",VERONA,€/kg,"16,00","16,70",,,,,,,,
Olio Dop,,feb,III,,,Garda,€/kg,"16,00","16,70",VERONA,€/kg,"16,00","16,70",,,,,,,,
Olio Dop,,feb,IV,,,Garda,€/kg,"16,50","16,70",VERONA,€/kg,"16,50","16,70",,,,,,,,
Olio Dop,,feb,V,,,Garda,€/kg,"16,50","16,70",VERONA,€/kg,"16,50","16,70",,,,,,,,
Olio Dop,,mar,I,,,Garda,€/kg,"16,50","16,70",VERONA,€/kg,"16,50","16,70",,,,,,,,
Olio Dop,,mar,II,,,Garda,€/kg,"16,50","16,70",VERONA,€/kg,"16,50","16,70",,,,,,,,
Olio Dop,,mar,III,,,Garda,€/kg,"16,50","16,70",VERONA,€/kg,"16,50","16,70",,,,,,,,
Olio Dop,,mar,IV,,,Garda,€/kg,"16,50","16,70",VERONA,€/kg,"16,50","16,70",,,,,,,,
Olio Dop,,apr,I,,,Garda,€/kg,"16,50","16,70",VERONA,€/kg,"16,50","16,70",,,,,,,,
Olio Dop,,apr,II,,,Garda,€/kg,"16,50","16,70",VERONA,€/kg,"16,50","16,70",,,,,,,,
Olio Dop,,apr,III,,,Garda,€/kg,"16,50","16,70",VERONA,€/kg,"16,50","16,70",,,,,,,,
Olio Dop,,apr,IV,,,Garda,€/kg,"16,50","16,70",VERONA,€/kg,"16,50","16,70",,,,,,,,
Olio Dop,,mag,I,,,Garda,€/kg,"16,50","16,70",VERONA,€/kg,"16,50","16,70",,,,,,,,
Olio Dop,,mag,II,,,Garda,€/kg,"17,00","16,70",VERONA,€/kg,"17,00","16,70",,,,,,,,
Olio Dop,,mag,III,,,Garda,€/kg,"17,00","16,70",VERONA,€/kg,"17,00","16,70",,,,,,,,
Olio Dop,,mag,IV,,,Garda,€/kg,"17,00","16,70",VERONA,€/kg,"17,00","16,70",,,,,,,,
Olio Dop,,mag,V,,,Garda,€/kg,"17,50","16,70",VERONA,€/kg,"17,50","16,70",,,,,,,,
Olio Dop,,giu,I,,,Garda,€/kg,"17,50","16,70",VERONA,€/kg,"17,50","16,70",,,,,,,,
Olio Dop,,giu,II,,,Garda,€/kg,"17,50","16,70",VERONA,€/kg,"17,50","16,70",,,,,,,,
Olio Dop,,giu,III,,,Garda,€/kg,"17,00","16,70",VERONA,€/kg,"17,00","16,70",,,,,,,,
Olio Dop,,giu,IV,,,Garda,€/kg,"17,00","16,70",VERONA,€/kg,"17,00","16,70",,,,,,,,
Olio Dop,,lug,I,,,Garda,€/kg,"17,00","16,70",VERONA,€/kg,"17,00","16,70",,,,,,,,
Olio Dop,,lug,II,,,Garda,€/kg,"17,00","16,70",VERONA,€/kg,"17,00","16,70",,,,,,,,
Olio Dop,,lug,III,,,Garda,€/kg,"17,00","16,70",VERONA,€/kg,"17,00","16,70",,,,,,,,
Olio Dop,,lug,IV,,,Garda,€/kg,"17,00","16,70",VERONA,€/kg,"17,00","16,70",,,,,,,,
Olio Dop,,ago,I,,,Garda,€/kg,"17,00","16,70",VERONA,€/kg,"17,00","16,70",,,,,,,,
Olio Dop,,ago,II,,,Garda,€/kg,"17,00","16,70",VERONA,€/kg,"17,00","16,70",,,,,,,,
Olio Dop,,ago,III,,,Garda,€/kg,"17,00","16,70",VERONA,€/kg,"17,00","16,70",,,,,,,,
Olio Dop,,ago,IV,,,Garda,€/kg,"17,00","16,70",VERONA,€/kg,"17,00","16,70",,,,,,,,
Olio Dop,,ago,V,,,Garda,€/kg,"17,00","16,70",VERONA,€/kg,"17,00","16,70",,,,,,,,
Olio Dop,,set,I,,,Garda,€/kg,"17,00","16,70",VERONA,€/kg,"17,00","16,70",,,,,,,,
Olio Dop,,set,II,,,Garda,€/kg,"17,00","16,70",VERONA,€/kg,"17,00","16,70",,,,,,,,
Olio Dop,,set,III,,,Garda,€/kg,"17,50","16,70",VERONA,€/kg,"17,50","16,70",,,,,,,,
Olio Dop,,set,IV,,,Garda,€/kg,"17,00","16,70",VERONA,€/kg,"17,00","16,70",,,,,,,,
Olio Dop,,ott,I,,,Garda,€/kg,"17,50","16,70",VERONA,€/kg,"17,50","16,70",,,,,,,,
Olio Dop,,ott,II,,,Garda,€/kg,"17,00","16,70",VERONA,€/kg,"17,00","16,70",,,,,,,,
Olio Dop,,ott,III,,,Garda,€/kg,"17,00","16,70",VERONA,€/kg,"17,00","16,70",,,,,,,,
Olio Dop,,ott,IV,,,Garda,€/kg,"17,00","16,70",VERONA,€/kg,"17,00","16,70",,,,,,,,
Olio Dop,,ott,V,,,Garda,€/kg,"16,50","16,70",VERONA,€/kg,"16,50","16,70",,,,,,,,
Olio Dop,,nov,I,,,Garda,€/kg,"16,50","16,70",VERONA,€/kg,"16,50","16,70",,,,,,,,
Olio Dop,,nov,II,,,Garda,€/kg,"16,50","16,70",VERONA,€/kg,"16,50","16,70",,,,,,,,
Olio Dop,,nov,III,,,Garda,€/kg,"16,50","16,70",VERONA,€/kg,"16,50","16,70",,,,,,,,
Olio Dop,,nov,IV,,,Garda,€/kg,"16,50","16,70",VERONA,€/kg,"16,50","16,70",,,,,,,,
Olio Dop,,dic,I,,,Garda,€/kg,"16,50","16,70",VERONA,€/kg,"16,50","16,70",,,,,,,,
Olio Dop,,dic,II,,,Garda,€/kg,"16,50","16,70",VERONA,€/kg,"16,50","16,70",,,,,,,,
Olio Dop,,dic,III,,,Garda,€/kg,"16,50","16,70",VERONA,€/kg,"16,50","16,70",,,,,,,,
Olio Dop,,dic,IV,,,Garda,€/kg,"16,50","16,70",VERONA,€/kg,"16,50","16,70",,,,,,,,
Olio Dop,,gen,I,,,Lametia,€/kg,"9,40","9,52",GIOIA TAURO,€/kg,"9,40","9,52",,,,,,,,
Olio Dop,,gen,II,,,Lametia,€/kg,"9,40","9,52",GIOIA TAURO,€/kg,"9,40","9,52",,,,,,,,
Olio Dop,,gen,III,,,Lametia,€/kg,"9,60","9,52",GIOIA TAURO,€/kg,"9,60","9,52",,,,,,,,
Olio Dop,,gen,IV,,,Lametia,€/kg,"9,60","9,52",GIOIA TAURO,€/kg,"9,60","9,52",,,,,,,,
Olio Dop,,feb,I,,,Lametia,€/kg,"9,60","9,52",GIOIA TAURO,€/kg,"9,60","9,52",,,,,,,,
Olio Dop,,feb,II,,,Lametia,€/kg,"9,60","9,52",GIOIA TAURO,€/kg,"9,60","9,52",,,,,,,,
Olio Dop,,feb,III,,,Lametia,€/kg,"9,60","9,52",GIOIA TAURO,€/kg,"9,60","9,52",,,,,,,,
Olio Dop,,feb,IV,,,Lametia,€/kg,"9,60","9,52",GIOIA TAURO,€/kg,"9,60","9,52",,,,,,,,
Olio Dop,,feb,V,,,Lametia,€/kg,"9,60","9,52",GIOIA TAURO,€/kg,"9,60","9,52",,,,,,,,
Olio Dop,,mar,I,,,Lametia,€/kg,"9,70","9,52",GIOIA TAURO,€/kg,"9,70","9,52",,,,,,,,
Olio Dop,,mar,II,,,Lametia,€/kg,"9,70","9,52",GIOIA TAURO,€/kg,"9,70","9,52",,,,,,,,
Olio Dop,,mar,III,,,Lametia,€/kg,"9,70","9,52",GIOIA TAURO,€/kg,"9,70","9,52",,,,,,,,
Olio Dop,,mar,IV,,,Lametia,€/kg,"9,70","9,52",GIOIA TAURO,€/kg,"9,70","9,52",,,,,,,,
Olio Dop,,apr,I,,,Lametia,€/kg,"9,70","9,52",GIOIA TAURO,€/kg,"9,70","9,52",,,,,,,,
Olio Dop,,apr,II,,,Lametia,€/kg,"9,70","9,52",GIOIA TAURO,€/kg,"9,70","9,52",,,,,,,,
Olio Dop,,apr,III,,,Lametia,€/kg,"9,70","9,52",GIOIA TAURO,€/kg,"9,70","9,52",,,,,,,,
Olio Dop,,apr,IV,,,Lametia,€/kg,"9,70","9,52",GIOIA TAURO,€/kg,"9,70","9,52",,,,,,,,
Olio Dop,,mag,I,,,Lametia,€/kg,"9,70","9,52",GIOIA TAURO,€/kg,"9,70","9,52",,,,,,,,
Olio Dop,,mag,II,,,Lametia,€/kg,"9,70","9,52",GIOIA TAURO,€/kg,"9,70","9,52",,,,,,,,
Olio Dop,,mag,III,,,Lametia,€/kg,"9,70","9,52",GIOIA TAURO,€/kg,"9,70","9,52",,,,,,,,
Olio Dop,,mag,IV,,,Lametia,€/kg,"9,70","9,52",GIOIA TAURO,€/kg,"9,70","9,52",,,,,,,,
Olio Dop,,mag,V,,,Lametia,€/kg,"9,70","9,52",GIOIA TAURO,€/kg,"9,70","9,52",,,,,,,,
Olio Dop,,giu,I,,,Lametia,€/kg,"9,70","9,52",GIOIA TAURO,€/kg,"9,70","9,52",,,,,,,,
Olio Dop,,giu,II,,,Lametia,€/kg,"9,70","9,52",GIOIA TAURO,€/kg,"9,70","9,52",,,,,,,,
Olio Dop,,giu,III,,,Lametia,€/kg,"9,70","9,52",GIOIA TAURO,€/kg,"9,70","9,52",,,,,,,,
Olio Dop,,giu,IV,,,Lametia,€/kg,"9,70","9,52",GIOIA TAURO,€/kg,"9,70","9,52",,,,,,,,
Olio Dop,,lug,I,,,Lametia,€/kg,"9,70","9,52",GIOIA TAURO,€/kg,"9,70","9,52",,,,,,,,
Olio Dop,,lug,II,,,Lametia,€/kg,"9,50","9,52",GIOIA TAURO,€/kg,"9,50","9,52",,,,,,,,
Olio Dop,,lug,III,,,Lametia,€/kg,"9,50","9,52",GIOIA TAURO,€/kg,"9,50","9,52",,,,,,,,
Olio Dop,,lug,IV,,,Lametia,€/kg,"9,50","9,52",GIOIA TAURO,€/kg,"9,50","9,52",,,,,,,,
Olio Dop,,ago,I,,,Lametia,€/kg,"9,50","9,52",GIOIA TAURO,€/kg,"9,50","9,52",,,,,,,,
Olio Dop,,ago,II,,,Lametia,€/kg,"9,50","9,52",GIOIA TAURO,€/kg,"9,50","9,52",,,,,,,,
Olio Dop,,ago,III,,,Lametia,€/kg,"9,50","9,52",GIOIA TAURO,€/kg,"9,50","9,52",,,,,,,,
Olio Dop,,ago,IV,,,Lametia,€/kg,"9,50","9,52",GIOIA TAURO,€/kg,"9,50","9,52",,,,,,,,
Olio Dop,,ago,V,,,Lametia,€/kg,"9,40","9,52",GIOIA TAURO,€/kg,"9,40","9,52",,,,,,,,
Olio Dop,,set,I,,,Lametia,€/kg,"9,40","9,52",GIOIA TAURO,€/kg,"9,40","9,52",,,,,,,,
Olio Dop,,set,II,,,Lametia,€/kg,"9,40","9,52",GIOIA TAURO,€/kg,"9,40","9,52",,,,,,,,
Olio Dop,,set,III,,,Lametia,€/kg,"9,40","9,52",GIOIA TAURO,€/kg,"9,40","9,52",,,,,,,,
Olio Dop,,set,IV,,,Lametia,€/kg,"9,40","9,52",GIOIA TAURO,€/kg,"9,40","9,52",,,,,,,,
Olio Dop,,ott,I,,,Lametia,€/kg,"9,40","9,52",GIOIA TAURO,€/kg,"9,40","9,52",,,,,,,,
Olio Dop,,ott,II,,,Lametia,€/kg,"9,40","9,52",GIOIA TAURO,€/kg,"9,40","9,52",,,,,,,,
Olio Dop,,ott,III,,,Lametia,€/kg,"9,40","9,52",GIOIA TAURO,€/kg,"9,40","9,52",,,,,,,,
Olio Dop,,ott,IV,,,Lametia,€/kg,"9,40","9,52",GIOIA TAURO,€/kg,"9,40","9,52",,,,,,,,
Olio Dop,,ott,V,,,Lametia,€/kg,"9,40","9,52",GIOIA TAURO,€/kg,"9,40","9,52",,,,,,,,
Olio Dop,,nov,I,,,Lametia,€/kg,"9,30","9,52",GIOIA TAURO,€/kg,"9,30","9,52",,,,,,,,
Olio Dop,,nov,II,,,Lametia,€/kg,"8,80","9,52",GIOIA TAURO,€/kg,"8,80","9,52",,,,,,,,
Olio Dop,,nov,III,,,Lametia,€/kg,"8,25","9,52",GIOIA TAURO,€/kg,"8,25","9,52",,,,,,,,
Olio Dop,,nov,IV,,,Lametia,€/kg,"8,60","9,52",GIOIA TAURO,€/kg,"8,60","9,52",,,,,,,,
Olio Dop,,dic,I,,,Lametia,€/kg,"9,50","9,52",GIOIA TAURO,€/kg,"9,50","9,52",,,,,,,,
Olio Dop,,dic,II,,,Lametia,€/kg,"9,90","9,52",GIOIA TAURO,€/kg,"9,90","9,52",,,,,,,,
Olio Dop,,dic,III,,,Lametia,€/kg,"9,90","9,52",GIOIA TAURO,€/kg,"9,90","9,52",,,,,,,,
Olio Dop,,dic,IV,,,Lametia,€/kg,"9,90","9,52",GIOIA TAURO,€/kg,"9,90","9,52",,,,,,,,
Olio Dop,,gen,I,,,Monte Etna,€/kg,"11,85","12,37",CATANIA-ENNA-MESSINA,€/kg,"11,85","12,37",,,,,,,,
Olio Dop,,gen,II,,,Monte Etna,€/kg,"11,85","12,37",CATANIA-ENNA-MESSINA,€/kg,"11,85","12,37",,,,,,,,
Olio Dop,,gen,III,,,Monte Etna,€/kg,"11,85","12,37",CATANIA-ENNA-MESSINA,€/kg,"11,85","12,37",,,,,,,,
Olio Dop,,gen,IV,,,Monte Etna,€/kg,"11,95","12,37",CATANIA-ENNA-MESSINA,€/kg,"11,95","12,37",,,,,,,,
Olio Dop,,feb,I,,,Monte Etna,€/kg,"11,95","12,37",CATANIA-ENNA-MESSINA,€/kg,"11,95","12,37",,,,,,,,
Olio Dop,,feb,II,,,Monte Etna,€/kg,"11,95","12,37",CATANIA-ENNA-MESSINA,€/kg,"11,95","12,37",,,,,,,,
Olio Dop,,feb,III,,,Monte Etna,€/kg,"11,95","12,37",CATANIA-ENNA-MESSINA,€/kg,"11,95","12,37",,,,,,,,
Olio Dop,,feb,IV,,,Monte Etna,€/kg,"11,95","12,37",CATANIA-ENNA-MESSINA,€/kg,"11,95","12,37",,,,,,,,
Olio Dop,,feb,V,,,Monte Etna,€/kg,"11,95","12,37",CATANIA-ENNA-MESSINA,€/kg,"11,95","12,37",,,,,,,,
Olio Dop,,mar,I,,,Monte Etna,€/kg,"11,85","12,37",CATANIA-ENNA-MESSINA,€/kg,"11,85","12,37",,,,,,,,
Olio Dop,,mar,II,,,Monte Etna,€/kg,"11,80","12,37",CATANIA-ENNA-MESSINA,€/kg,"11,80","12,37",,,,,,,,
Olio Dop,,mar,III,,,Monte Etna,€/kg,"11,80","12,37",CATANIA-ENNA-MESSINA,€/kg,"11,80","12,37",,,,,,,,
Olio Dop,,mar,IV,,,Monte Etna,€/kg,"11,80","12,37",CATANIA-ENNA-MESSINA,€/kg,"11,80","12,37",,,,,,,,
Olio Dop,,apr,I,,,Monte Etna,€/kg,"11,80","12,37",CATANIA-ENNA-MESSINA,€/kg,"11,80","12,37",,,,,,,,
Olio Dop,,apr,II,,,Monte Etna,€/kg,"11,75","12,37",CATANIA-ENNA-MESSINA,€/kg,"11,75","12,37",,,,,,,,
Olio Dop,,apr,III,,,Monte Etna,€/kg,"11,70","12,37",CATANIA-ENNA-MESSINA,€/kg,"11,70","12,37",,,,,,,,
Olio Dop,,apr,IV,,,Monte Etna,€/kg,"11,70","12,37",CATANIA-ENNA-MESSINA,€/kg,"11,70","12,37",,,,,,,,
Olio Dop,,mag,I,,,Monte Etna,€/kg,"11,70","12,37",CATANIA-ENNA-MESSINA,€/kg,"11,70","12,37",,,,,,,,
Olio Dop,,mag,II,,,Monte Etna,€/kg,"11,70","12,37",CATANIA-ENNA-MESSINA,€/kg,"11,70","12,37",,,,,,,,
Olio Dop,,mag,III,,,Monte Etna,€/kg,"11,85","12,37",CATANIA-ENNA-MESSINA,€/kg,"11,85","12,37",,,,,,,,
Olio Dop,,mag,IV,,,Monte Etna,€/kg,"11,85","12,37",CATANIA-ENNA-MESSINA,€/kg,"11,85","12,37",,,,,,,,
Olio Dop,,mag,V,,,Monte Etna,€/kg,"11,85","12,37",CATANIA-ENNA-MESSINA,€/kg,"11,85","12,37",,,,,,,,
Olio Dop,,giu,I,,,Monte Etna,€/kg,"11,85","12,37",CATANIA-ENNA-MESSINA,€/kg,"11,85","12,37",,,,,,,,
Olio Dop,,giu,II,,,Monte Etna,€/kg,"11,90","12,37",CATANIA-ENNA-MESSINA,€/kg,"11,90","12,37",,,,,,,,
Olio Dop,,giu,III,,,Monte Etna,€/kg,"11,90","12,37",CATANIA-ENNA-MESSINA,€/kg,"11,90","12,37",,,,,,,,
Olio Dop,,giu,IV,,,Monte Etna,€/kg,"11,90","12,37",CATANIA-ENNA-MESSINA,€/kg,"11,90","12,37",,,,,,,,
Olio Dop,,lug,I,,,Monte Etna,€/kg,"11,90","12,37",CATANIA-ENNA-MESSINA,€/kg,"11,90","12,37",,,,,,,,
Olio Dop,,lug,II,,,Monte Etna,€/kg,"11,90","12,37",CATANIA-ENNA-MESSINA,€/kg,"11,90","12,37",,,,,,,,
Olio Dop,,lug,III,,,Monte Etna,€/kg,"12,70","12,37",CATANIA-ENNA-MESSINA,€/kg,"12,70","12,37",,,,,,,,
Olio Dop,,lug,IV,,,Monte Etna,€/kg,"12,70","12,37",CATANIA-ENNA-MESSINA,€/kg,"12,70","12,37",,,,,,,,
Olio Dop,,ago,I,,,Monte Etna,€/kg,"12,70","12,37",CATANIA-ENNA-MESSINA,€/kg,"12,70","12,37",,,,,,,,
Olio Dop,,ago,II,,,Monte Etna,€/kg,"12,70","12,37",CATANIA-ENNA-MESSINA,€/kg,"12,70","12,37",,,,,,,,
Olio Dop,,ago,III,,,Monte Etna,€/kg,"12,70","12,37",CATANIA-ENNA-MESSINA,€/kg,"12,70","12,37",,,,,,,,
Olio Dop,,ago,IV,,,Monte Etna,€/kg,"12,70","12,37",CATANIA-ENNA-MESSINA,€/kg,"12,70","12,37",,,,,,,,
Olio Dop,,ago,V,,,Monte Etna,€/kg,"12,80","12,37",CATANIA-ENNA-MESSINA,€/kg,"12,80","12,37",,,,,,,,
Olio Dop,,set,I,,,Monte Etna,€/kg,"12,80","12,37",CATANIA-ENNA-MESSINA,€/kg,"12,80","12,37",,,,,,,,
Olio Dop,,set,II,,,Monte Etna,€/kg,"12,80","12,37",CATANIA-ENNA-MESSINA,€/kg,"12,80","12,37",,,,,,,,
Olio Dop,,set,III,,,Monte Etna,€/kg,"12,85","12,37",CATANIA-ENNA-MESSINA,€/kg,"12,85","12,37",,,,,,,,
Olio Dop,,set,IV,,,Monte Etna,€/kg,"12,85","12,37",CATANIA-ENNA-MESSINA,€/kg,"12,85","12,37",,,,,,,,
Olio Dop,,ott,I,,,Monte Etna,€/kg,"12,85","12,37",CATANIA-ENNA-MESSINA,€/kg,"12,85","12,37",,,,,,,,
Olio Dop,,ott,II,,,Monte Etna,€/kg,"12,90","12,37",CATANIA-ENNA-MESSINA,€/kg,"12,90","12,37",,,,,,,,
Olio Dop,,ott,III,,,Monte Etna,€/kg,"12,90","12,37",CATANIA-ENNA-MESSINA,€/kg,"12,90","12,37",,,,,,,,
Olio Dop,,ott,IV,,,Monte Etna,€/kg,"12,90","12,37",CATANIA-ENNA-MESSINA,€/kg,"12,90","12,37",,,,,,,,
Olio Dop,,ott,V,,,Monte Etna,€/kg,"12,95","12,37",CATANIA-ENNA-MESSINA,€/kg,"12,95","12,37",,,,,,,,
Olio Dop,,nov,I,,,Monte Etna,€/kg,"13,30","12,37",CATANIA-ENNA-MESSINA,€/kg,"13,30","12,37",,,,,,,,
Olio Dop,,nov,II,,,Monte Etna,€/kg,"13,30","12,37",CATANIA-ENNA-MESSINA,€/kg,"13,30","12,37",,,,,,,,
Olio Dop,,nov,III,,,Monte Etna,€/kg,"13,30","12,37",CATANIA-ENNA-MESSINA,€/kg,"13,30","12,37",,,,,,,,
Olio Dop,,nov,IV,,,Monte Etna,€/kg,"13,30","12,37",CATANIA-ENNA-MESSINA,€/kg,"13,30","12,37",,,,,,,,
Olio Dop,,dic,I,,,Monte Etna,€/kg,"13,30","12,37",CATANIA-ENNA-MESSINA,€/kg,"13,30","12,37",,,,,,,,
Olio Dop,,dic,II,,,Monte Etna,€/kg,"13,30","12,37",CATANIA-ENNA-MESSINA,€/kg,"13,30","12,37",,,,,,,,
Olio Dop,,dic,III,,,Monte Etna,€/kg,"13,40","12,37",CATANIA-ENNA-MESSINA,€/kg,"13,40","12,37",,,,,,,,
Olio Dop,,dic,IV,,,Monte Etna,€/kg,"13,40","12,37",CATANIA-ENNA-MESSINA,€/kg,"13,40","12,37",,,,,,,,
Olio Dop,,gen,I,,,Monti Iblei,€/kg,"11,50","11,67",RAGUSA,€/kg,"11,50","11,67",,,,,,,,
Olio Dop,,gen,II,,,Monti Iblei,€/kg,"11,50","11,67",RAGUSA,€/kg,"11,50","11,67",,,,,,,,
Olio Dop,,gen,III,,,Monti Iblei,€/kg,"11,50","11,67",RAGUSA,€/kg,"11,50","11,67",,,,,,,,
Olio Dop,,gen,IV,,,Monti Iblei,€/kg,"11,50","11,67",RAGUSA,€/kg,"11,50","11,67",,,,,,,,
Olio Dop,,feb,I,,,Monti Iblei,€/kg,"11,50","11,67",RAGUSA,€/kg,"11,50","11,67",,,,,,,,
Olio Dop,,feb,II,,,Monti Iblei,€/kg,"11,50","11,67",RAGUSA,€/kg,"11,50","11,67",,,,,,,,
Olio Dop,,feb,III,,,Monti Iblei,€/kg,"11,50","11,67",RAGUSA,€/kg,"11,50","11,67",,,,,,,,
Olio Dop,,feb,IV,,,Monti Iblei,€/kg,"11,50","11,67",RAGUSA,€/kg,"11,50","11,67",,,,,,,,
Olio Dop,,feb,V,,,Monti Iblei,€/kg,"11,50","11,67",RAGUSA,€/kg,"11,50","11,67",,,,,,,,
Olio Dop,,mar,I,,,Monti Iblei,€/kg,"11,50","11,67",RAGUSA,€/kg,"11,50","11,67",,,,,,,,
Olio Dop,,mar,II,,,Monti Iblei,€/kg,"11,50","11,67",RAGUSA,€/kg,"11,50","11,67",,,,,,,,
Olio Dop,,mar,III,,,Monti Iblei,€/kg,"11,50","11,67",RAGUSA,€/kg,"11,50","11,67",,,,,,,,
Olio Dop,,mar,IV,,,Monti Iblei,€/kg,"11,50","11,67",RAGUSA,€/kg,"11,50","11,67",,,,,,,,
Olio Dop,,apr,I,,,Monti Iblei,€/kg,"11,50","11,67",RAGUSA,€/kg,"11,50","11,67",,,,,,,,
Olio Dop,,apr,II,,,Monti Iblei,€/kg,"11,50","11,67",RAGUSA,€/kg,"11,50","11,67",,,,,,,,
Olio Dop,,apr,III,,,Monti Iblei,€/kg,"11,50","11,67",RAGUSA,€/kg,"11,50","11,67",,,,,,,,
Olio Dop,,apr,IV,,,Monti Iblei,€/kg,"11,50","11,67",RAGUSA,€/kg,"11,50","11,67",,,,,,,,
Olio Dop,,mag,I,,,Monti Iblei,€/kg,"11,50","11,67",RAGUSA,€/kg,"11,50","11,67",,,,,,,,
Olio Dop,,mag,II,,,Monti Iblei,€/kg,"11,50","11,67",RAGUSA,€/kg,"11,50","11,67",,,,,,,,
Olio Dop,,mag,III,,,Monti Iblei,€/kg,"11,50","11,67",RAGUSA,€/kg,"11,50","11,67",,,,,,,,
Olio Dop,,mag,IV,,,Monti Iblei,€/kg,"11,50","11,67",RAGUSA,€/kg,"11,50","11,67",,,,,,,,
Olio Dop,,mag,V,,,Monti Iblei,€/kg,"11,50","11,67",RAGUSA,€/kg,"11,50","11,67",,,,,,,,
Olio Dop,,giu,I,,,Monti Iblei,€/kg,"11,50","11,67",RAGUSA,€/kg,"11,50","11,67",,,,,,,,
Olio Dop,,giu,II,,,Monti Iblei,€/kg,"11,50","11,67",RAGUSA,€/kg,"11,50","11,67",,,,,,,,
Olio Dop,,giu,III,,,Monti Iblei,€/kg,"11,50","11,67",RAGUSA,€/kg,"11,50","11,67",,,,,,,,
Olio Dop,,giu,IV,,,Monti Iblei,€/kg,"11,50","11,67",RAGUSA,€/kg,"11,50","11,67",,,,,,,,
Olio Dop,,lug,I,,,Monti Iblei,€/kg,"11,50","11,67",RAGUSA,€/kg,"11,50","11,67",,,,,,,,
Olio Dop,,lug,II,,,Monti Iblei,€/kg,"11,50","11,67",RAGUSA,€/kg,"11,50","11,67",,,,,,,,
Olio Dop,,lug,III,,,Monti Iblei,€/kg,"11,50","11,67",RAGUSA,€/kg,"11,50","11,67",,,,,,,,
Olio Dop,,lug,IV,,,Monti Iblei,€/kg,"11,50","11,67",RAGUSA,€/kg,"11,50","11,67",,,,,,,,
Olio Dop,,ago,I,,,Monti Iblei,€/kg,"11,50","11,67",RAGUSA,€/kg,"11,50","11,67",,,,,,,,
Olio Dop,,ago,II,,,Monti Iblei,€/kg,"11,50","11,67",RAGUSA,€/kg,"11,50","11,67",,,,,,,,
Olio Dop,,ago,III,,,Monti Iblei,€/kg,"11,50","11,67",RAGUSA,€/kg,"11,50","11,67",,,,,,,,
Olio Dop,,ago,IV,,,Monti Iblei,€/kg,"11,50","11,67",RAGUSA,€/kg,"11,50","11,67",,,,,,,,
Olio Dop,,ago,V,,,Monti Iblei,€/kg,"11,50","11,67",RAGUSA,€/kg,"11,50","11,67",,,,,,,,
Olio Dop,,set,I,,,Monti Iblei,€/kg,"11,50","11,67",RAGUSA,€/kg,"11,50","11,67",,,,,,,,
Olio Dop,,set,II,,,Monti Iblei,€/kg,"11,50","11,67",RAGUSA,€/kg,"11,50","11,67",,,,,,,,
Olio Dop,,set,III,,,Monti Iblei,€/kg,"11,50","11,67",RAGUSA,€/kg,"11,50","11,67",,,,,,,,
Olio Dop,,set,IV,,,Monti Iblei,€/kg,"11,50","11,67",RAGUSA,€/kg,"11,50","11,67",,,,,,,,
Olio Dop,,ott,I,,,Monti Iblei,€/kg,"11,50","11,67",RAGUSA,€/kg,"11,50","11,67",,,,,,,,
Olio Dop,,ott,II,,,Monti Iblei,€/kg,"11,50","11,67",RAGUSA,€/kg,"11,50","11,67",,,,,,,,
Olio Dop,,ott,III,,,Monti Iblei,€/kg,"11,50","11,67",RAGUSA,€/kg,"11,50","11,67",,,,,,,,
Olio Dop,,ott,IV,,,Monti Iblei,€/kg,"11,50","11,67",RAGUSA,€/kg,"11,50","11,67",,,,,,,,
Olio Dop,,ott,V,,,Monti Iblei,€/kg,"12,50","11,67",RAGUSA,€/kg,"12,50","11,67",,,,,,,,
Olio Dop,,nov,I,,,Monti Iblei,€/kg,"12,50","11,67",RAGUSA,€/kg,"12,50","11,67",,,,,,,,
Olio Dop,,nov,II,,,Monti Iblei,€/kg,"12,50","11,67",RAGUSA,€/kg,"12,50","11,67",,,,,,,,
Olio Dop,,nov,III,,,Monti Iblei,€/kg,"12,50","11,67",RAGUSA,€/kg,"12,50","11,67",,,,,,,,
Olio Dop,,nov,IV,,,Monti Iblei,€/kg,"12,50","11,67",RAGUSA,€/kg,"12,50","11,67",,,,,,,,
Olio Dop,,dic,I,,,Monti Iblei,€/kg,"12,50","11,67",RAGUSA,€/kg,"12,50","11,67",,,,,,,,
Olio Dop,,dic,II,,,Monti Iblei,€/kg,"12,50","11,67",RAGUSA,€/kg,"12,50","11,67",,,,,,,,
Olio Dop,,dic,III,,,Monti Iblei,€/kg,"12,50","11,67",RAGUSA,€/kg,"12,50","11,67",,,,,,,,
Olio Dop,,dic,IV,,,Monti Iblei,€/kg,"12,50","11,67",RAGUSA,€/kg,"12,50","11,67",,,,,,,,
Olio Dop,,gen,I,,,Riviera Dei Fiori,€/kg,"14,00","14,84",IMPERIA,€/kg,"14,00","14,84",,,,,,,,
Olio Dop,,gen,II,,,Riviera Dei Fiori,€/kg,"14,00","14,84",IMPERIA,€/kg,"14,00","14,84",,,,,,,,
Olio Dop,,gen,III,,,Riviera Dei Fiori,€/kg,"14,00","14,84",IMPERIA,€/kg,"14,00","14,84",,,,,,,,
Olio Dop,,gen,IV,,,Riviera Dei Fiori,€/kg,"14,00","14,84",IMPERIA,€/kg,"14,00","14,84",,,,,,,,
Olio Dop,,feb,I,,,Riviera Dei Fiori,€/kg,"14,00","14,84",IMPERIA,€/kg,"14,00","14,84",,,,,,,,
Olio Dop,,feb,II,,,Riviera Dei Fiori,€/kg,"14,50","14,84",IMPERIA,€/kg,"14,50","14,84",,,,,,,,
Olio Dop,,feb,III,,,Riviera Dei Fiori,€/kg,"14,50","14,84",IMPERIA,€/kg,"14,50","14,84",,,,,,,,
Olio Dop,,feb,IV,,,Riviera Dei Fiori,€/kg,"14,50","14,84",IMPERIA,€/kg,"14,50","14,84",,,,,,,,
Olio Dop,,feb,V,,,Riviera Dei Fiori,€/kg,"14,50","14,84",IMPERIA,€/kg,"14,50","14,84",,,,,,,,
Olio Dop,,mar,I,,,Riviera Dei Fiori,€/kg,"14,50","14,84",IMPERIA,€/kg,"14,50","14,84",,,,,,,,
Olio Dop,,mar,II,,,Riviera Dei Fiori,€/kg,"14,50","14,84",IMPERIA,€/kg,"14,50","14,84",,,,,,,,
Olio Dop,,mar,III,,,Riviera Dei Fiori,€/kg,"14,50","14,84",IMPERIA,€/kg,"14,50","14,84",,,,,,,,
Olio Dop,,mar,IV,,,Riviera Dei Fiori,€/kg,"15,00","14,84",IMPERIA,€/kg,"15,00","14,84",,,,,,,,
Olio Dop,,apr,I,,,Riviera Dei Fiori,€/kg,"15,00","14,84",IMPERIA,€/kg,"15,00","14,84",,,,,,,,
Olio Dop,,apr,II,,,Riviera Dei Fiori,€/kg,"15,00","14,84",IMPERIA,€/kg,"15,00","14,84",,,,,,,,
Olio Dop,,apr,III,,,Riviera Dei Fiori,€/kg,"15,00","14,84",IMPERIA,€/kg,"15,00","14,84",,,,,,,,
Olio Dop,,apr,IV,,,Riviera Dei Fiori,€/kg,"15,00","14,84",IMPERIA,€/kg,"15,00","14,84",,,,,,,,
Olio Dop,,mag,I,,,Riviera Dei Fiori,€/kg,"15,00","14,84",IMPERIA,€/kg,"15,00","14,84",,,,,,,,
Olio Dop,,mag,II,,,Riviera Dei Fiori,€/kg,"15,00","14,84",IMPERIA,€/kg,"15,00","14,84",,,,,,,,
Olio Dop,,mag,III,,,Riviera Dei Fiori,€/kg,"15,00","14,84",IMPERIA,€/kg,"15,00","14,84",,,,,,,,
Olio Dop,,mag,IV,,,Riviera Dei Fiori,€/kg,"15,00","14,84",IMPERIA,€/kg,"15,00","14,84",,,,,,,,
Olio Dop,,mag,V,,,Riviera Dei Fiori,€/kg,"15,50","14,84",IMPERIA,€/kg,"15,50","14,84",,,,,,,,
Olio Dop,,giu,I,,,Riviera Dei Fiori,€/kg,"15,50","14,84",IMPERIA,€/kg,"15,50","14,84",,,,,,,,
Olio Dop,,giu,II,,,Riviera Dei Fiori,€/kg,"15,50","14,84",IMPERIA,€/kg,"15,50","14,84",,,,,,,,
Olio Dop,,giu,III,,,Riviera Dei Fiori,€/kg,"15,50","14,84",IMPERIA,€/kg,"15,50","14,84",,,,,,,,
Olio Dop,,giu,IV,,,Riviera Dei Fiori,€/kg,"15,50","14,84",IMPERIA,€/kg,"15,50","14,84",,,,,,,,
Olio Dop,,lug,I,,,Riviera Dei Fiori,€/kg,"15,50","14,84",IMPERIA,€/kg,"15,50","14,84",,,,,,,,
Olio Dop,,lug,II,,,Riviera Dei Fiori,€/kg,"15,50","14,84",IMPERIA,€/kg,"15,50","14,84",,,,,,,,
Olio Dop,,lug,III,,,Riviera Dei Fiori,€/kg,"15,50","14,84",IMPERIA,€/kg,"15,50","14,84",,,,,,,,
Olio Dop,,lug,IV,,,Riviera Dei Fiori,€/kg,"15,50","14,84",IMPERIA,€/kg,"15,50","14,84",,,,,,,,
Olio Dop,,ago,I,,,Riviera Dei Fiori,€/kg,"15,50","14,84",IMPERIA,€/kg,"15,50","14,84",,,,,,,,
Olio Dop,,ago,II,,,Riviera Dei Fiori,€/kg,"15,50","14,84",IMPERIA,€/kg,"15,50","14,84",,,,,,,,
Olio Dop,,ago,III,,,Riviera Dei Fiori,€/kg,"15,50","14,84",IMPERIA,€/kg,"15,50","14,84",,,,,,,,
Olio Dop,,ago,IV,,,Riviera Dei Fiori,€/kg,"15,50","14,84",IMPERIA,€/kg,"15,50","14,84",,,,,,,,
Olio Dop,,ago,V,,,Riviera Dei Fiori,€/kg,"15,50","14,84",IMPERIA,€/kg,"15,50","14,84",,,,,,,,
Olio Dop,,set,I,,,Riviera Dei Fiori,€/kg,"15,50","14,84",IMPERIA,€/kg,"15,50","14,84",,,,,,,,
Olio Dop,,set,II,,,Riviera Dei Fiori,€/kg,"15,00","14,84",IMPERIA,€/kg,"15,00","14,84",,,,,,,,
Olio Dop,,set,III,,,Riviera Dei Fiori,€/kg,"15,50","14,84",IMPERIA,€/kg,"15,50","14,84",,,,,,,,
Olio Dop,,set,IV,,,Riviera Dei Fiori,€/kg,"15,00","14,84",IMPERIA,€/kg,"15,00","14,84",,,,,,,,
Olio Dop,,ott,I,,,Riviera Dei Fiori,€/kg,"15,50","14,84",IMPERIA,€/kg,"15,50","14,84",,,,,,,,
Olio Dop,,ott,II,,,Riviera Dei Fiori,€/kg,"15,50","14,84",IMPERIA,€/kg,"15,50","14,84",,,,,,,,
Olio Dop,,ott,III,,,Riviera Dei Fiori,€/kg,"14,50","14,84",IMPERIA,€/kg,"14,50","14,84",,,,,,,,
Olio Dop,,ott,IV,,,Riviera Dei Fiori,€/kg,"14,00","14,84",IMPERIA,€/kg,"14,00","14,84",,,,,,,,
Olio Dop,,ott,V,,,Riviera Dei Fiori,€/kg,"14,00","14,84",IMPERIA,€/kg,"14,00","14,84",,,,,,,,
Olio Dop,,nov,I,,,Riviera Dei Fiori,€/kg,"14,00","14,84",IMPERIA,€/kg,"14,00","14,84",,,,,,,,
Olio Dop,,nov,II,,,Riviera Dei Fiori,€/kg,"14,00","14,84",IMPERIA,€/kg,"14,00","14,84",,,,,,,,
Olio Dop,,nov,III,,,Riviera Dei Fiori,€/kg,"14,00","14,84",IMPERIA,€/kg,"14,00","14,84",,,,,,,,
Olio Dop,,nov,IV,,,Riviera Dei Fiori,€/kg,"14,00","14,84",IMPERIA,€/kg,"14,00","14,84",,,,,,,,
Olio Dop,,dic,I,,,Riviera Dei Fiori,€/kg,"14,00","14,84",IMPERIA,€/kg,"14,00","14,84",,,,,,,,
Olio Dop,,dic,II,,,Riviera Dei Fiori,€/kg,"14,50","14,84",IMPERIA,€/kg,"14,50","14,84",,,,,,,,
Olio Dop,,dic,III,,,Riviera Dei Fiori,€/kg,"14,50","14,84",IMPERIA,€/kg,"14,50","14,84",,,,,,,,
Olio Dop,,dic,IV,,,Riviera Dei Fiori,€/kg,"14,50","14,84",IMPERIA,€/kg,"14,50","14,84",,,,,,,,
Olio Dop,,gen,I,,,Riviera Ligure,€/kg,"14,00","14,75",IMPERIA,€/kg,"14,00","14,75",,,,,,,,
Olio Dop,,gen,II,,,Riviera Ligure,€/kg,"14,00","14,75",IMPERIA,€/kg,"14,00","14,75",,,,,,,,
Olio Dop,,gen,III,,,Riviera Ligure,€/kg,"14,00","14,75",IMPERIA,€/kg,"14,00","14,75",,,,,,,,
Olio Dop,,gen,IV,,,Riviera Ligure,€/kg,"14,00","14,75",IMPERIA,€/kg,"14,00","14,75",,,,,,,,
Olio Dop,,feb,I,,,Riviera Ligure,€/kg,"14,00","14,75",IMPERIA,€/kg,"14,00","14,75",,,,,,,,
Olio Dop,,feb,II,,,Riviera Ligure,€/kg,"14,50","14,75",IMPERIA,€/kg,"14,50","14,75",,,,,,,,
Olio Dop,,feb,III,,,Riviera Ligure,€/kg,"14,50","14,75",IMPERIA,€/kg,"14,50","14,75",,,,,,,,
Olio Dop,,feb,IV,,,Riviera Ligure,€/kg,"14,50","14,75",IMPERIA,€/kg,"14,50","14,75",,,,,,,,
Olio Dop,,feb,V,,,Riviera Ligure,€/kg,"14,50","14,75",IMPERIA,€/kg,"14,50","14,75",,,,,,,,
Olio Dop,,mar,I,,,Riviera Ligure,€/kg,"14,50","14,75",IMPERIA,€/kg,"14,50","14,75",,,,,,,,
Olio Dop,,mar,II,,,Riviera Ligure,€/kg,"14,50","14,75",IMPERIA,€/kg,"14,50","14,75",,,,,,,,
Olio Dop,,mar,III,,,Riviera Ligure,€/kg,"14,50","14,75",IMPERIA,€/kg,"14,50","14,75",,,,,,,,
Olio Dop,,mar,IV,,,Riviera Ligure,€/kg,"14,50","14,75",IMPERIA,€/kg,"14,50","14,75",,,,,,,,
Olio Dop,,apr,I,,,Riviera Ligure,€/kg,"14,50","14,75",IMPERIA,€/kg,"14,50","14,75",,,,,,,,
Olio Dop,,apr,II,,,Riviera Ligure,€/kg,"15,00","14,75",IMPERIA,€/kg,"15,00","14,75",,,,,,,,
Olio Dop,,apr,III,,,Riviera Ligure,€/kg,"15,00","14,75",IMPERIA,€/kg,"15,00","14,75",,,,,,,,
Olio Dop,,apr,IV,,,Riviera Ligure,€/kg,"15,00","14,75",IMPERIA,€/kg,"15,00","14,75",,,,,,,,
Olio Dop,,mag,I,,,Riviera Ligure,€/kg,"15,00","14,75",IMPERIA,€/kg,"15,00","14,75",,,,,,,,
Olio Dop,,mag,II,,,Riviera Ligure,€/kg,"15,00","14,75",IMPERIA,€/kg,"15,00","14,75",,,,,,,,
Olio Dop,,mag,III,,,Riviera Ligure,€/kg,"15,00","14,75",IMPERIA,€/kg,"15,00","14,75",,,,,,,,
Olio Dop,,mag,IV,,,Riviera Ligure,€/kg,"15,00","14,75",IMPERIA,€/kg,"15,00","14,75",,,,,,,,
Olio Dop,,mag,V,,,Riviera Ligure,€/kg,"15,50","14,75",IMPERIA,€/kg,"15,50","14,75",,,,,,,,
Olio Dop,,giu,I,,,Riviera Ligure,€/kg,"15,50","14,75",IMPERIA,€/kg,"15,50","14,75",,,,,,,,
Olio Dop,,giu,II,,,Riviera Ligure,€/kg,"15,50","14,75",IMPERIA,€/kg,"15,50","14,75",,,,,,,,
Olio Dop,,giu,III,,,Riviera Ligure,€/kg,"15,50","14,75",IMPERIA,€/kg,"15,50","14,75",,,,,,,,
Olio Dop,,giu,IV,,,Riviera Ligure,€/kg,"15,50","14,75",IMPERIA,€/kg,"15,50","14,75",,,,,,,,
Olio Dop,,lug,I,,,Riviera Ligure,€/kg,"15,50","14,75",IMPERIA,€/kg,"15,50","14,75",,,,,,,,
Olio Dop,,lug,II,,,Riviera Ligure,€/kg,"15,50","14,75",IMPERIA,€/kg,"15,50","14,75",,,,,,,,
Olio Dop,,lug,III,,,Riviera Ligure,€/kg,"15,50","14,75",IMPERIA,€/kg,"15,50","14,75",,,,,,,,
Olio Dop,,lug,IV,,,Riviera Ligure,€/kg,"15,50","14,75",IMPERIA,€/kg,"15,50","14,75",,,,,,,,
Olio Dop,,ago,I,,,Riviera Ligure,€/kg,"15,50","14,75",IMPERIA,€/kg,"15,50","14,75",,,,,,,,
Olio Dop,,ago,II,,,Riviera Ligure,€/kg,"15,50","14,75",IMPERIA,€/kg,"15,50","14,75",,,,,,,,
Olio Dop,,ago,III,,,Riviera Ligure,€/kg,"15,50","14,75",IMPERIA,€/kg,"15,50","14,75",,,,,,,,
Olio Dop,,ago,IV,,,Riviera Ligure,€/kg,"15,50","14,75",IMPERIA,€/kg,"15,50","14,75",,,,,,,,
Olio Dop,,ago,V,,,Riviera Ligure,€/kg,"15,50","14,75",IMPERIA,€/kg,"15,50","14,75",,,,,,,,
Olio Dop,,set,I,,,Riviera Ligure,€/kg,"15,50","14,75",IMPERIA,€/kg,"15,50","14,75",,,,,,,,
Olio Dop,,set,II,,,Riviera Ligure,€/kg,"15,00","14,75",IMPERIA,€/kg,"15,00","14,75",,,,,,,,
Olio Dop,,set,III,,,Riviera Ligure,€/kg,"15,00","14,75",IMPERIA,€/kg,"15,00","14,75",,,,,,,,
Olio Dop,,set,IV,,,Riviera Ligure,€/kg,"14,00","14,75",IMPERIA,€/kg,"14,00","14,75",,,,,,,,
Olio Dop,,ott,I,,,Riviera Ligure,€/kg,"14,00","14,75",IMPERIA,€/kg,"14,00","14,75",,,,,,,,
Olio Dop,,ott,II,,,Riviera Ligure,€/kg,"15,00","14,75",IMPERIA,€/kg,"15,00","14,75",,,,,,,,
Olio Dop,,ott,III,,,Riviera Ligure,€/kg,"14,50","14,75",IMPERIA,€/kg,"14,50","14,75",,,,,,,,
Olio Dop,,ott,IV,,,Riviera Ligure,€/kg,"14,00","14,75",IMPERIA,€/kg,"14,00","14,75",,,,,,,,
Olio Dop,,ott,V,,,Riviera Ligure,€/kg,"14,00","14,75",IMPERIA,€/kg,"14,00","14,75",,,,,,,,
Olio Dop,,nov,I,,,Riviera Ligure,€/kg,"14,00","14,75",IMPERIA,€/kg,"14,00","14,75",,,,,,,,
Olio Dop,,nov,II,,,Riviera Ligure,€/kg,"14,00","14,75",IMPERIA,€/kg,"14,00","14,75",,,,,,,,
Olio Dop,,nov,III,,,Riviera Ligure,€/kg,"14,00","14,75",IMPERIA,€/kg,"14,00","14,75",,,,,,,,
Olio Dop,,nov,IV,,,Riviera Ligure,€/kg,"14,00","14,75",IMPERIA,€/kg,"14,00","14,75",,,,,,,,
Olio Dop,,dic,I,,,Riviera Ligure,€/kg,"14,00","14,75",IMPERIA,€/kg,"14,00","14,75",,,,,,,,
Olio Dop,,dic,II,,,Riviera Ligure,€/kg,"14,50","14,75",IMPERIA,€/kg,"14,50","14,75",,,,,,,,
Olio Dop,,dic,III,,,Riviera Ligure,€/kg,"14,50","14,75",IMPERIA,€/kg,"14,50","14,75",,,,,,,,
Olio Dop,,dic,IV,,,Riviera Ligure,€/kg,"14,50","14,75",IMPERIA,€/kg,"14,50","14,75",,,,,,,,
Olio Dop,,gen,I,,,Umbria,€/kg,"11,00","11,22",PERUGIA,€/kg,"11,00","11,22",,,,,,,,
Olio Dop,,gen,II,,,Umbria,€/kg,"11,00","11,22",PERUGIA,€/kg,"11,00","11,22",,,,,,,,
Olio Dop,,gen,III,,,Umbria,€/kg,"11,00","11,22",PERUGIA,€/kg,"11,00","11,22",,,,,,,,
Olio Dop,,gen,IV,,,Umbria,€/kg,"11,00","11,22",PERUGIA,€/kg,"11,00","11,22",,,,,,,,
Olio Dop,,feb,I,,,Umbria,€/kg,"11,00","11,22",PERUGIA,€/kg,"11,00","11,22",,,,,,,,
Olio Dop,,feb,II,,,Umbria,€/kg,"11,00","11,22",PERUGIA,€/kg,"11,00","11,22",,,,,,,,
Olio Dop,,feb,III,,,Umbria,€/kg,"11,00","11,22",PERUGIA,€/kg,"11,00","11,22",,,,,,,,
Olio Dop,,feb,IV,,,Umbria,€/kg,"11,00","11,22",PERUGIA,€/kg,"11,00","11,22",,,,,,,,
Olio Dop,,feb,V,,,Umbria,€/kg,"11,00","11,22",PERUGIA,€/kg,"11,00","11,22",,,,,,,,
Olio Dop,,mar,I,,,Umbria,€/kg,"11,00","11,22",PERUGIA,€/kg,"11,00","11,22",,,,,,,,
Olio Dop,,mar,II,,,Umbria,€/kg,"11,00","11,22",PERUGIA,€/kg,"11,00","11,22",,,,,,,,
Olio Dop,,mar,III,,,Umbria,€/kg,"11,00","11,22",PERUGIA,€/kg,"11,00","11,22",,,,,,,,
Olio Dop,,mar,IV,,,Umbria,€/kg,"11,00","11,22",PERUGIA,€/kg,"11,00","11,22",,,,,,,,
Olio Dop,,apr,I,,,Umbria,€/kg,"11,00","11,22",PERUGIA,€/kg,"11,00","11,22",,,,,,,,
Olio Dop,,apr,II,,,Umbria,€/kg,"11,00","11,22",PERUGIA,€/kg,"11,00","11,22",,,,,,,,
Olio Dop,,apr,III,,,Umbria,€/kg,"11,00","11,22",PERUGIA,€/kg,"11,00","11,22",,,,,,,,
Olio Dop,,apr,IV,,,Umbria,€/kg,"11,00","11,22",PERUGIA,€/kg,"11,00","11,22",,,,,,,,
Olio Dop,,mag,I,,,Umbria,€/kg,"11,00","11,22",PERUGIA,€/kg,"11,00","11,22",,,,,,,,
Olio Dop,,mag,II,,,Umbria,€/kg,"11,00","11,22",PERUGIA,€/kg,"11,00","11,22",,,,,,,,
Olio Dop,,mag,III,,,Umbria,€/kg,"11,10","11,22",PERUGIA,€/kg,"11,10","11,22",,,,,,,,
Olio Dop,,mag,IV,,,Umbria,€/kg,"11,10","11,22",PERUGIA,€/kg,"11,10","11,22",,,,,,,,
Olio Dop,,mag,V,,,Umbria,€/kg,"11,10","11,22",PERUGIA,€/kg,"11,10","11,22",,,,,,,,
Olio Dop,,giu,I,,,Umbria,€/kg,"11,10","11,22",PERUGIA,€/kg,"11,10","11,22",,,,,,,,
Olio Dop,,giu,II,,,Umbria,€/kg,"11,10","11,22",PERUGIA,€/kg,"11,10","11,22",,,,,,,,
Olio Dop,,giu,III,,,Umbria,€/kg,"11,10","11,22",PERUGIA,€/kg,"11,10","11,22",,,,,,,,
Olio Dop,,giu,IV,,,Umbria,€/kg,"11,10","11,22",PERUGIA,€/kg,"11,10","11,22",,,,,,,,
Olio Dop,,lug,I,,,Umbria,€/kg,"11,10","11,22",PERUGIA,€/kg,"11,10","11,22",,,,,,,,
Olio Dop,,lug,II,,,Umbria,€/kg,"11,10","11,22",PERUGIA,€/kg,"11,10","11,22",,,,,,,,
Olio Dop,,lug,III,,,Umbria,€/kg,"11,10","11,22",PERUGIA,€/kg,"11,10","11,22",,,,,,,,
Olio Dop,,lug,IV,,,Umbria,€/kg,"11,10","11,22",PERUGIA,€/kg,"11,10","11,22",,,,,,,,
Olio Dop,,ago,I,,,Umbria,€/kg,"11,10","11,22",PERUGIA,€/kg,"11,10","11,22",,,,,,,,
Olio Dop,,ago,II,,,Umbria,€/kg,"11,10","11,22",PERUGIA,€/kg,"11,10","11,22",,,,,,,,
Olio Dop,,ago,III,,,Umbria,€/kg,"11,10","11,22",PERUGIA,€/kg,"11,10","11,22",,,,,,,,
Olio Dop,,ago,IV,,,Umbria,€/kg,"11,10","11,22",PERUGIA,€/kg,"11,10","11,22",,,,,,,,
Olio Dop,,ago,V,,,Umbria,€/kg,"11,10","11,22",PERUGIA,€/kg,"11,10","11,22",,,,,,,,
Olio Dop,,set,I,,,Umbria,€/kg,"11,10","11,22",PERUGIA,€/kg,"11,10","11,22",,,,,,,,
Olio Dop,,set,II,,,Umbria,€/kg,"11,10","11,22",PERUGIA,€/kg,"11,10","11,22",,,,,,,,
Olio Dop,,set,III,,,Umbria,€/kg,"11,10","11,22",PERUGIA,€/kg,"11,10","11,22",,,,,,,,
Olio Dop,,set,IV,,,Umbria,€/kg,"11,10","11,22",PERUGIA,€/kg,"11,10","11,22",,,,,,,,
Olio Dop,,ott,I,,,Umbria,€/kg,"11,10","11,22",PERUGIA,€/kg,"11,10","11,22",,,,,,,,
Olio Dop,,ott,II,,,Umbria,€/kg,"11,10","11,22",PERUGIA,€/kg,"11,10","11,22",,,,,,,,
Olio Dop,,ott,III,,,Umbria,€/kg,"11,10","11,22",PERUGIA,€/kg,"11,10","11,22",,,,,,,,
Olio Dop,,ott,IV,,,Umbria,€/kg,"11,10","11,22",PERUGIA,€/kg,"11,10","11,22",,,,,,,,
Olio Dop,,ott,V,,,Umbria,€/kg,"12,00","11,22",PERUGIA,€/kg,"12,00","11,22",,,,,,,,
Olio Dop,,nov,I,,,Umbria,€/kg,"12,00","11,22",PERUGIA,€/kg,"12,00","11,22",,,,,,,,
Olio Dop,,nov,II,,,Umbria,€/kg,"12,00","11,22",PERUGIA,€/kg,"12,00","11,22",,,,,,,,
Olio Dop,,nov,III,,,Umbria,€/kg,"12,00","11,22",PERUGIA,€/kg,"12,00","11,22",,,,,,,,
Olio Dop,,nov,IV,,,Umbria,€/kg,"12,00","11,22",PERUGIA,€/kg,"12,00","11,22",,,,,,,,
Olio Dop,,dic,I,,,Umbria,€/kg,"12,00","11,22",PERUGIA,€/kg,"12,00","11,22",,,,,,,,
Olio Dop,,dic,II,,,Umbria,€/kg,"12,00","11,22",PERUGIA,€/kg,"12,00","11,22",,,,,,,,
Olio Dop,,dic,III,,,Umbria,€/kg,"12,00","11,22",PERUGIA,€/kg,"12,00","11,22",,,,,,,,
Olio Dop,,dic,IV,,,Umbria,€/kg,"12,00","11,22",PERUGIA,€/kg,"12,00","11,22",,,,,,,,
Olio Dop,,gen,I,,,Val Di Mazara,€/kg,"9,40","9,52",PALERMO,€/kg,"9,40","9,52",,,,,,,,
Olio Dop,,gen,II,,,Val Di Mazara,€/kg,"9,40","9,52",PALERMO,€/kg,"9,40","9,52",,,,,,,,
Olio Dop,,gen,III,,,Val Di Mazara,€/kg,"9,40","9,52",PALERMO,€/kg,"9,40","9,52",,,,,,,,
Olio Dop,,gen,IV,,,Val Di Mazara,€/kg,"9,40","9,52",PALERMO,€/kg,"9,40","9,52",,,,,,,,
Olio Dop,,feb,I,,,Val Di Mazara,€/kg,"9,40","9,52",PALERMO,€/kg,"9,40","9,52",,,,,,,,
Olio Dop,,feb,II,,,Val Di Mazara,€/kg,"9,40","9,52",PALERMO,€/kg,"9,40","9,52",,,,,,,,
Olio Dop,,feb,III,,,Val Di Mazara,€/kg,"9,40","9,52",PALERMO,€/kg,"9,40","9,52",,,,,,,,
Olio Dop,,feb,IV,,,Val Di Mazara,€/kg,"9,40","9,52",PALERMO,€/kg,"9,40","9,52",,,,,,,,
Olio Dop,,feb,V,,,Val Di Mazara,€/kg,"9,40","9,52",PALERMO,€/kg,"9,40","9,52",,,,,,,,
Olio Dop,,mar,I,,,Val Di Mazara,€/kg,"9,40","9,52",PALERMO,€/kg,"9,40","9,52",,,,,,,,
Olio Dop,,mar,II,,,Val Di Mazara,€/kg,"9,40","9,52",PALERMO,€/kg,"9,40","9,52",,,,,,,,
Olio Dop,,mar,III,,,Val Di Mazara,€/kg,"9,40","9,52",PALERMO,€/kg,"9,40","9,52",,,,,,,,
Olio Dop,,mar,IV,,,Val Di Mazara,€/kg,"9,40","9,52",PALERMO,€/kg,"9,40","9,52",,,,,,,,
Olio Dop,,apr,I,,,Val Di Mazara,€/kg,"9,40","9,52",PALERMO,€/kg,"9,40","9,52",,,,,,,,
Olio Dop,,apr,II,,,Val Di Mazara,€/kg,"9,40","9,52",PALERMO,€/kg,"9,40","9,52",,,,,,,,
Olio Dop,,apr,III,,,Val Di Mazara,€/kg,"9,40","9,52",PALERMO,€/kg,"9,40","9,52",,,,,,,,
Olio Dop,,apr,IV,,,Val Di Mazara,€/kg,"9,40","9,52",PALERMO,€/kg,"9,40","9,52",,,,,,,,
Olio Dop,,mag,I,,,Val Di Mazara,€/kg,"9,40","9,52",PALERMO,€/kg,"9,40","9,52",,,,,,,,
Olio Dop,,mag,II,,,Val Di Mazara,€/kg,"9,40","9,52",PALERMO,€/kg,"9,40","9,52",,,,,,,,
Olio Dop,,mag,III,,,Val Di Mazara,€/kg,"9,40","9,52",PALERMO,€/kg,"9,40","9,52",,,,,,,,
Olio Dop,,mag,IV,,,Val Di Mazara,€/kg,"9,40","9,52",PALERMO,€/kg,"9,40","9,52",,,,,,,,
Olio Dop,,mag,V,,,Val Di Mazara,€/kg,"9,40","9,52",PALERMO,€/kg,"9,40","9,52",,,,,,,,
Olio Dop,,giu,I,,,Val Di Mazara,€/kg,"9,40","9,52",PALERMO,€/kg,"9,40","9,52",,,,,,,,
Olio Dop,,giu,II,,,Val Di Mazara,€/kg,"9,40","9,52",PALERMO,€/kg,"9,40","9,52",,,,,,,,
Olio Dop,,giu,III,,,Val Di Mazara,€/kg,"9,40","9,52",PALERMO,€/kg,"9,40","9,52",,,,,,,,
Olio Dop,,giu,IV,,,Val Di Mazara,€/kg,"9,40","9,52",PALERMO,€/kg,"9,40","9,52",,,,,,,,
Olio Dop,,lug,I,,,Val Di Mazara,€/kg,"9,40","9,52",PALERMO,€/kg,"9,40","9,52",,,,,,,,
Olio Dop,,lug,II,,,Val Di Mazara,€/kg,"9,40","9,52",PALERMO,€/kg,"9,40","9,52",,,,,,,,
Olio Dop,,lug,III,,,Val Di Mazara,€/kg,"9,40","9,52",PALERMO,€/kg,"9,40","9,52",,,,,,,,
Olio Dop,,lug,IV,,,Val Di Mazara,€/kg,"9,40","9,52",PALERMO,€/kg,"9,40","9,52",,,,,,,,
Olio Dop,,ago,I,,,Val Di Mazara,€/kg,"9,40","9,52",PALERMO,€/kg,"9,40","9,52",,,,,,,,
Olio Dop,,ago,II,,,Val Di Mazara,€/kg,"9,40","9,52",PALERMO,€/kg,"9,40","9,52",,,,,,,,
Olio Dop,,ago,III,,,Val Di Mazara,€/kg,"9,40","9,52",PALERMO,€/kg,"9,40","9,52",,,,,,,,
Olio Dop,,ago,IV,,,Val Di Mazara,€/kg,"9,40","9,52",PALERMO,€/kg,"9,40","9,52",,,,,,,,
Olio Dop,,ago,V,,,Val Di Mazara,€/kg,"9,40","9,52",PALERMO,€/kg,"9,40","9,52",,,,,,,,
Olio Dop,,set,I,,,Val Di Mazara,€/kg,"9,40","9,52",PALERMO,€/kg,"9,40","9,52",,,,,,,,
Olio Dop,,set,II,,,Val Di Mazara,€/kg,"9,40","9,52",PALERMO,€/kg,"9,40","9,52",,,,,,,,
Olio Dop,,set,III,,,Val Di Mazara,€/kg,"9,40","9,52",PALERMO,€/kg,"9,40","9,52",,,,,,,,
Olio Dop,,set,IV,,,Val Di Mazara,€/kg,"9,40","9,52",PALERMO,€/kg,"9,40","9,52",,,,,,,,
Olio Dop,,ott,I,,,Val Di Mazara,€/kg,"9,40","9,52",PALERMO,€/kg,"9,40","9,52",,,,,,,,
Olio Dop,,ott,II,,,Val Di Mazara,€/kg,"9,50","9,52",PALERMO,€/kg,"9,50","9,52",,,,,,,,
Olio Dop,,ott,III,,,Val Di Mazara,€/kg,"9,50","9,52",PALERMO,€/kg,"9,50","9,52",,,,,,,,
Olio Dop,,ott,IV,,,Val Di Mazara,€/kg,"9,75","9,52",PALERMO,€/kg,"9,75","9,52",,,,,,,,
Olio Dop,,ott,V,,,Val Di Mazara,€/kg,"9,90","9,52",PALERMO,€/kg,"9,90","9,52",,,,,,,,
Olio Dop,,nov,I,,,Val Di Mazara,€/kg,"9,90","9,52",PALERMO,€/kg,"9,90","9,52",,,,,,,,
Olio Dop,,nov,II,,,Val Di Mazara,€/kg,"9,90","9,52",PALERMO,€/kg,"9,90","9,52",,,,,,,,
Olio Dop,,nov,III,,,Val Di Mazara,€/kg,"9,90","9,52",PALERMO,€/kg,"9,90","9,52",,,,,,,,
Olio Dop,,nov,IV,,,Val Di Mazara,€/kg,"9,90","9,52",PALERMO,€/kg,"9,90","9,52",,,,,,,,
Olio Dop,,dic,I,,,Val Di Mazara,€/kg,"9,90","9,52",PALERMO,€/kg,"9,90","9,52",,,,,,,,
Olio Dop,,dic,II,,,Val Di Mazara,€/kg,"10,23","9,52",PALERMO,€/kg,"10,23","9,52",,,,,,,,
Olio Dop,,dic,III,,,Val Di Mazara,€/kg,"10,23","9,52",PALERMO,€/kg,"10,23","9,52",,,,,,,,
Olio Dop,,dic,IV,,,Val Di Mazara,€/kg,"10,23","9,52",PALERMO,€/kg,"10,23","9,52",,,,,,,,
Olio Dop,,gen,I,,,Valli Trapanesi,€/kg,"9,20","9,37",TRAPANI,€/kg,"9,20","9,37",,,,,,,,
Olio Dop,,gen,II,,,Valli Trapanesi,€/kg,"9,20","9,37",TRAPANI,€/kg,"9,20","9,37",,,,,,,,
Olio Dop,,gen,III,,,Valli Trapanesi,€/kg,"9,20","9,37",TRAPANI,€/kg,"9,20","9,37",,,,,,,,
Olio Dop,,gen,IV,,,Valli Trapanesi,€/kg,"9,20","9,37",TRAPANI,€/kg,"9,20","9,37",,,,,,,,
Olio Dop,,feb,I,,,Valli Trapanesi,€/kg,"9,20","9,37",TRAPANI,€/kg,"9,20","9,37",,,,,,,,
Olio Dop,,feb,II,,,Valli Trapanesi,€/kg,"9,20","9,37",TRAPANI,€/kg,"9,20","9,37",,,,,,,,
Olio Dop,,feb,III,,,Valli Trapanesi,€/kg,"9,20","9,37",TRAPANI,€/kg,"9,20","9,37",,,,,,,,
Olio Dop,,feb,IV,,,Valli Trapanesi,€/kg,"9,20","9,37",TRAPANI,€/kg,"9,20","9,37",,,,,,,,
Olio Dop,,feb,V,,,Valli Trapanesi,€/kg,"9,20","9,37",TRAPANI,€/kg,"9,20","9,37",,,,,,,,
Olio Dop,,mar,I,,,Valli Trapanesi,€/kg,"9,20","9,37",TRAPANI,€/kg,"9,20","9,37",,,,,,,,
Olio Dop,,mar,II,,,Valli Trapanesi,€/kg,"9,20","9,37",TRAPANI,€/kg,"9,20","9,37",,,,,,,,
Olio Dop,,mar,III,,,Valli Trapanesi,€/kg,"9,25","9,37",TRAPANI,€/kg,"9,25","9,37",,,,,,,,
Olio Dop,,mar,IV,,,Valli Trapanesi,€/kg,"9,25","9,37",TRAPANI,€/kg,"9,25","9,37",,,,,,,,
Olio Dop,,apr,I,,,Valli Trapanesi,€/kg,"9,25","9,37",TRAPANI,€/kg,"9,25","9,37",,,,,,,,
Olio Dop,,apr,II,,,Valli Trapanesi,€/kg,"9,25","9,37",TRAPANI,€/kg,"9,25","9,37",,,,,,,,
Olio Dop,,apr,III,,,Valli Trapanesi,€/kg,"9,25","9,37",TRAPANI,€/kg,"9,25","9,37",,,,,,,,
Olio Dop,,apr,IV,,,Valli Trapanesi,€/kg,"9,25","9,37",TRAPANI,€/kg,"9,25","9,37",,,,,,,,
Olio Dop,,mag,I,,,Valli Trapanesi,€/kg,"9,25","9,37",TRAPANI,€/kg,"9,25","9,37",,,,,,,,
Olio Dop,,mag,II,,,Valli Trapanesi,€/kg,"9,25","9,37",TRAPANI,€/kg,"9,25","9,37",,,,,,,,
Olio Dop,,mag,III,,,Valli Trapanesi,€/kg,"9,25","9,37",TRAPANI,€/kg,"9,25","9,37",,,,,,,,
Olio Dop,,mag,IV,,,Valli Trapanesi,€/kg,"9,25","9,37",TRAPANI,€/kg,"9,25","9,37",,,,,,,,
Olio Dop,,mag,V,,,Valli Trapanesi,€/kg,"9,25","9,37",TRAPANI,€/kg,"9,25","9,37",,,,,,,,
Olio Dop,,giu,I,,,Valli Trapanesi,€/kg,"9,25","9,37",TRAPANI,€/kg,"9,25","9,37",,,,,,,,
Olio Dop,,giu,II,,,Valli Trapanesi,€/kg,"9,25","9,37",TRAPANI,€/kg,"9,25","9,37",,,,,,,,
Olio Dop,,giu,III,,,Valli Trapanesi,€/kg,"9,25","9,37",TRAPANI,€/kg,"9,25","9,37",,,,,,,,
Olio Dop,,giu,IV,,,Valli Trapanesi,€/kg,"9,25","9,37",TRAPANI,€/kg,"9,25","9,37",,,,,,,,
Olio Dop,,lug,I,,,Valli Trapanesi,€/kg,"9,25","9,37",TRAPANI,€/kg,"9,25","9,37",,,,,,,,
Olio Dop,,lug,II,,,Valli Trapanesi,€/kg,"9,25","9,37",TRAPANI,€/kg,"9,25","9,37",,,,,,,,
Olio Dop,,lug,III,,,Valli Trapanesi,€/kg,"9,25","9,37",TRAPANI,€/kg,"9,25","9,37",,,,,,,,
Olio Dop,,lug,IV,,,Valli Trapanesi,€/kg,"9,25","9,37",TRAPANI,€/kg,"9,25","9,37",,,,,,,,
Olio Dop,,ago,I,,,Valli Trapanesi,€/kg,"9,25","9,37",TRAPANI,€/kg,"9,25","9,37",,,,,,,,
Olio Dop,,ago,II,,,Valli Trapanesi,€/kg,"9,25","9,37",TRAPANI,€/kg,"9,25","9,37",,,,,,,,
Olio Dop,,ago,III,,,Valli Trapanesi,€/kg,"9,25","9,37",TRAPANI,€/kg,"9,25","9,37",,,,,,,,
Olio Dop,,ago,IV,,,Valli Trapanesi,€/kg,"9,25","9,37",TRAPANI,€/kg,"9,25","9,37",,,,,,,,
Olio Dop,,ago,V,,,Valli Trapanesi,€/kg,"9,25","9,37",TRAPANI,€/kg,"9,25","9,37",,,,,,,,
Olio Dop,,set,I,,,Valli Trapanesi,€/kg,"9,25","9,37",TRAPANI,€/kg,"9,25","9,37",,,,,,,,
Olio Dop,,set,II,,,Valli Trapanesi,€/kg,"9,25","9,37",TRAPANI,€/kg,"9,25","9,37",,,,,,,,
Olio Dop,,set,III,,,Valli Trapanesi,€/kg,"9,25","9,37",TRAPANI,€/kg,"9,25","9,37",,,,,,,,
Olio Dop,,set,IV,,,Valli Trapanesi,€/kg,"9,25","9,37",TRAPANI,€/kg,"9,25","9,37",,,,,,,,
Olio Dop,,ott,I,,,Valli Trapanesi,€/kg,"9,25","9,37",TRAPANI,€/kg,"9,25","9,37",,,,,,,,
Olio Dop,,ott,II,,,Valli Trapanesi,€/kg,"9,45","9,37",TRAPANI,€/kg,"9,45","9,37",,,,,,,,
Olio Dop,,ott,III,,,Valli Trapanesi,€/kg,"9,45","9,37",TRAPANI,€/kg,"9,45","9,37",,,,,,,,
Olio Dop,,ott,IV,,,Valli Trapanesi,€/kg,"9,70","9,37",TRAPANI,€/kg,"9,70","9,37",,,,,,,,
Olio Dop,,ott,V,,,Valli Trapanesi,€/kg,"9,90","9,37",TRAPANI,€/kg,"9,90","9,37",,,,,,,,
Olio Dop,,nov,I,,,Valli Trapanesi,€/kg,"9,90","9,37",TRAPANI,€/kg,"9,90","9,37",,,,,,,,
Olio Dop,,nov,II,,,Valli Trapanesi,€/kg,"9,90","9,37",TRAPANI,€/kg,"9,90","9,37",,,,,,,,
Olio Dop,,nov,III,,,Valli Trapanesi,€/kg,"9,90","9,37",TRAPANI,€/kg,"9,90","9,37",,,,,,,,
Olio Dop,,nov,IV,,,Valli Trapanesi,€/kg,"9,90","9,37",TRAPANI,€/kg,"9,90","9,37",,,,,,,,
Olio Dop,,dic,I,,,Valli Trapanesi,€/kg,"9,90","9,37",TRAPANI,€/kg,"9,90","9,37",,,,,,,,
Olio Dop,,dic,II,,,Valli Trapanesi,€/kg,"9,90","9,37",TRAPANI,€/kg,"9,90","9,37",,,,,,,,
Olio Dop,,dic,III,,,Valli Trapanesi,€/kg,"9,90","9,37",TRAPANI,€/kg,"9,90","9,37",,,,,,,,
Olio Dop,,dic,IV,,,Valli Trapanesi,€/kg,"9,90","9,37",TRAPANI,€/kg,"9,90","9,37",,,,,,,,

